recipe_id,recipe_name,ingredients,cuisine,veg_nonveg,instructions,prep_time,difficulty,category,calories,image_url
1,Vegetable Pulao,"Basmati rice, carrot, green peas, onion, garlic, oil, cumin seeds, bay leaf, cardamom, cloves, cinnamon, turmeric powder, garam masala, salt, water",Indian,veg,"Wash and soak rice for 15 minutes and drain excess water. Heat oil in a deep pan on medium heat and add cumin seeds and whole spices until aromatic. Add sliced onion and saut until light golden brown, then add garlic and saut briefly. Add chopped carrot and peas and cook for 2 to 3 minutes. Add turmeric, garam masala, and salt and mix well. Add soaked rice and gently stir to coat with spices. Add water, bring to a boil, cover, and cook on low heat until rice is fully cooked and water is absorbed. Switch off heat, rest for a few minutes, fluff gently, and serve hot.",30,Easy,Lunch,250,https://media.istockphoto.com/id/980078660/photo/indian-vegetable-pulav-or-biryani-made-using-basmati-rice-served-in-a-ceramic-bowl-selective.jpg?s=1024x1024&w=is&k=20&c=ydu4zVDwAaDx_RTb3v70Yif1348nItnSLr41n8zyAxk=
2,Paneer Butter Masala,"Paneer, butter, oil, onion, tomato, ginger, garlic, cashew nuts, red chili powder, turmeric powder, garam masala, coriander powder, kasuri methi, fresh cream, salt, water",Indian,veg,"Heat butter and a little oil in a pan on medium heat and saut chopped onion until soft and light golden. Add ginger and garlic and saut briefly until fragrant. Add chopped tomatoes and cashew nuts and cook until tomatoes turn soft and oil begins to separate. Cool the mixture slightly and blend into a smooth puree. Return the puree to the pan, add red chili powder, turmeric, coriander powder, garam masala, and salt, and cook until the gravy thickens. Add paneer cubes and mix gently to coat with the gravy. Pour in water as needed for consistency, add cream and crushed kasuri methi, and simmer for 5 to 7 minutes. Adjust seasoning and serve hot.",35,Medium,Dinner,250,https://images.unsplash.com/photo-1631452180519-c014fe946bc7?q=80&w=387&auto=format&fit=crop&ixlib=rb-4.1.0&ixid=M3wxMjA3fDB8MHxwaG90by1wYWdlfHx8fGVufDB8fHx8fA%3D%3D
3,Chicken Curry,"Chicken, oil, onion, tomato, ginger, garlic, green chili, turmeric powder, red chili powder, coriander powder, garam masala, cumin seeds, bay leaf, salt, water",Indian,non-veg,"Heat oil in a pan on medium heat and add cumin seeds and bay leaf until aromatic. Add finely chopped onion and saut until golden brown. Add ginger, garlic, and green chili and saut briefly until fragrant. Add turmeric, red chili powder, coriander powder, garam masala, and salt and cook for a few seconds. Add chicken pieces and cook until lightly browned and coated with spices. Add chopped tomatoes and cook until soft and oil starts separating from the masala. Add water, mix well, cover, and simmer on low heat until chicken is fully cooked and gravy thickens. Adjust seasoning and serve hot.",40,Medium,Dinner,400,https://images.unsplash.com/photo-1631292784640-2b24be784d5d?q=80&w=580&auto=format&fit=crop&ixlib=rb-4.1.0&ixid=M3wxMjA3fDB8MHxwaG90by1wYWdlfHx8fGVufDB8fHx8fA%3D%3D
4,Aloo Gobi,"Potato, cauliflower, oil, onion, ginger, garlic, green chili, cumin seeds, turmeric powder, red chili powder, coriander powder, garam masala, salt",Indian,veg,"Heat oil in a pan on medium heat and add cumin seeds until they crackle. Add chopped onion and saut until light golden. Add ginger, garlic, and green chili and saut briefly until fragrant. Add turmeric, red chili powder, coriander powder, and salt and mix well. Add diced potatoes and cauliflower florets and toss to coat with spices. Cover and cook on low heat, stirring occasionally, until vegetables are tender. Uncover and cook further until potatoes and cauliflower are lightly roasted. Sprinkle garam masala, mix gently, and serve hot.",30,Easy,Dinner,250,https://media.istockphoto.com/id/1153272097/photo/aloo-gobi-with-rice-and-chapati-indian-cuisine-vegetarian-dish-decorated-with-lemon-and.jpg?s=1024x1024&w=is&k=20&c=9hnNGL1_GyqCdw-a_GtImncEcRLtT5lyCx-uj15tPgw=
5,Vegetable Pasta,"Pasta, oil, onion, garlic, carrot, beans, tomato, salt, black pepper, chili flakes, mixed Italian herbs, water",Italian,veg,"Boil pasta in salted water until al dente and drain, reserving a little cooking water. Heat oil in a pan on medium heat and saut chopped garlic until fragrant. Add sliced onion and cook until soft. Add chopped carrot and beans and cook until vegetables are tender. Add chopped tomatoes, salt, black pepper, chili flakes, and mixed Italian herbs and cook until slightly saucy. Add boiled pasta and a little reserved pasta water and toss well. Cook for 2 to 3 minutes until everything is well combined and serve warm.",25,Easy,Lunch,350,Images/Italian Food.jpg
6,Chicken Alfredo Pasta,"Pasta, chicken, butter, olive oil, garlic, fresh cream, parmesan cheese, salt, black pepper, Italian herbs, water",Italian,non-veg,"Boil pasta in salted water until al dente and drain, reserving some pasta water. Heat butter and a little olive oil in a pan on medium heat and saut chopped garlic until fragrant. Add chicken pieces seasoned with salt and pepper and cook until fully cooked and lightly golden. Lower the heat and pour in fresh cream, stirring gently to form a smooth sauce. Add grated parmesan cheese and Italian herbs and mix until the sauce thickens slightly. Add cooked pasta and a little reserved pasta water and toss until well coated. Adjust seasoning and serve hot.",30,Medium,Lunch,580,https://media.istockphoto.com/id/1159438262/photo/one-pot-chicken-alfredo-pasta-directly-above-photo.jpg?s=1024x1024&w=is&k=20&c=wt7eshRZGbouaPCQoO6Q-0E6a_pcTXW5a9XX_MB8klo=
7,Margherita Pizza,"Pizza base, tomato, mozzarella cheese, olive oil, garlic, salt, black pepper, dried oregano, fresh basil",Italian,veg,"Preheat the oven to 200 degrees Celsius. Crush or blend tomatoes with garlic, salt, and black pepper to form a simple sauce. Place the pizza base on a baking tray and spread the tomato sauce evenly. Add grated or sliced mozzarella cheese evenly on top. Drizzle olive oil and sprinkle dried oregano. Bake for 12 to 15 minutes until the cheese melts and the crust turns crisp. Garnish with fresh basil, slice, and serve hot.",25,Easy,Dinner,330,https://media.istockphoto.com/id/1414575281/photo/a-delicious-and-tasty-italian-pizza-margherita-with-tomatoes-and-buffalo-mozzarella.jpg?s=1024x1024&w=is&k=20&c=bwoUzONnFgIK65TQ7uUeSAlM78h-gCmKSR3nnGhb6AI=
8,Vegetable Fried Rice,"Rice, oil, garlic, spring onion, carrot, green peas, soy sauce, black pepper, salt",Chinese,veg,"Cook rice and spread it on a plate to cool completely. Heat oil in a wok on high heat and saut chopped garlic until aromatic. Add carrot and green peas and stir fry on high heat until slightly tender. Add cooled cooked rice and toss well to separate the grains. Add soy sauce, black pepper, and salt and stir fry for a few minutes until evenly mixed. Add chopped spring onion, mix well, and serve hot.",20,Easy,Lunch,250,https://media.istockphoto.com/id/2007197407/photo/chinese-cuisine-fried-rice-with-vegetables-fried-rice-in-plate-on-table.jpg?s=1024x1024&w=is&k=20&c=0WIrtteX1qHipqL6SPDB7x7vNkq0_zVxDSPLHpMDHQ0=
9,Chicken Manchurian,"Chicken, corn flour, all-purpose flour, oil, garlic, ginger, green chili, onion, spring onion, soy sauce, chili sauce, vinegar, black pepper, salt, water",Chinese,non-veg,"Mix chicken pieces with corn flour, all-purpose flour, salt, and black pepper to form a light coating. Heat oil and deep fry the chicken until crisp and golden, then drain excess oil. Heat a little oil in another pan on high heat and saut chopped garlic, ginger, and green chili until aromatic. Add sliced onion and stir fry briefly until slightly crunchy. Add soy sauce, chili sauce, vinegar, and a little water and mix well. Add fried chicken pieces and toss to coat evenly with the sauce. Cook for a few minutes until the sauce thickens, garnish with spring onion, and serve hot.",35,Medium,Dinner,400,https://media.istockphoto.com/id/667661262/photo/chicken-manchurian-indian-spicy-curry-food.jpg?s=1024x1024&w=is&k=20&c=ceks1yNnkCW4PXUy8mCdEfeGnWyfTm-to059GZL-zFM=
10,Vegetable Noodles,"Noodles, oil, garlic, spring onion, carrot, cabbage, soy sauce, black pepper, salt, water",Chinese,veg,"Boil noodles in salted water until just cooked and drain completely. Heat oil in a wok on high heat and saut chopped garlic until aromatic. Add carrot and cabbage and stir fry on high heat until slightly tender but still crunchy. Add boiled noodles and toss well to combine with vegetables. Add soy sauce, black pepper, and salt and stir fry for a few minutes until evenly mixed. Add chopped spring onion, toss once more, and serve hot.",20,Easy,Lunch,250,https://images.unsplash.com/photo-1757445060049-0531425f8643?q=80&w=2070&auto=format&fit=crop&ixlib=rb-4.1.0&ixid=M3wxMjA3fDB8MHxwaG90by1wYWdlfHx8fGVufDB8fHx8fA%3D%3D
12,Chicken Tacos,"Tortilla, chicken, oil, onion, tomato, garlic, cumin powder, chili powder, salt, cheese, coriander leaves",Mexican,non-veg,"Heat oil in a pan on medium heat and saut chopped garlic and onion until soft. Add chicken pieces, cumin powder, chili powder, and salt and cook until chicken is fully cooked and lightly browned. Warm tortillas on a separate pan. Fill tortillas with chicken, tomato, and cheese. Garnish with coriander, fold, and serve hot.",20,Easy,Dinner,480,https://media.istockphoto.com/id/941591492/photo/homemade-chicken-tacos-with-onion.jpg?s=1024x1024&w=is&k=20&c=RNc8Ns12KPBxAZR3Z5WIUToM-5yLwKxunbBhDPK1FHM=
13,Guacamole,"Cooked avocado, onion, tomato, lemon juice, salt, black pepper, coriander leaves, cumin powder (optional)",Mexican,veg,"Mash ripe avocado in a bowl until smooth. Add finely chopped onion, tomato, and coriander leaves and mix well. Add lemon juice, salt, black pepper, and a pinch of cumin powder if using, and stir until well combined. Taste and adjust seasoning with more salt or lemon juice as needed. Serve immediately with tortilla chips or as a sandwich spread.",10,Easy,Dinner,250,Images/Mexican Food.jpg
14,Vegetable Sandwich,"Bread slices, butter, carrot, cucumber, tomato, lettuce, cheese, salt, black pepper",Continental,veg,"Spread butter evenly on each bread slice. Layer thinly sliced carrot, cucumber, tomato, lettuce, and cheese between the slices. Sprinkle a little salt and black pepper on the vegetables. Grill or toast the sandwich on a pan or sandwich maker until the bread is golden and the cheese melts slightly. Cut the sandwich into halves or desired shapes and serve warm.",15,Easy,Breakfast,330,Images/Cont Lunch.jpg
15,Grilled Chicken Sandwich,"Bread slices, chicken, butter, cheese, lettuce, tomato, onion, mayonnaise, salt, black pepper, olive oil",Continental,non-veg,"Season chicken with salt and black pepper and cook in a pan with a little olive oil until fully cooked. Slice the cooked chicken thinly. Butter bread slices evenly on one side. Place lettuce, tomato slices, onion slices, and the cooked chicken on one slice of bread. Add cheese and a thin layer of mayonnaise, then cover with the second slice of bread. Grill the sandwich on a pan or sandwich maker until the bread is crisp and golden and the cheese melts. Cut into halves and serve hot.",20,Medium,Breakfast,480,https://images.unsplash.com/photo-1730312382518-d8001e2558db?q=80&w=996&auto=format&fit=crop&ixlib=rb-4.1.0&ixid=M3wxMjA3fDB8MHxwaG90by1wYWdlfHx8fGVufDB8fHx8fA%3D%3D
16,Vegetable Soup,"Carrot, beans, onion, garlic, oil, celery, potato, salt, black pepper, parsley, water, vegetable stock cube (optional)",Continental,veg,"Heat oil in a pot on medium heat and saut chopped onion, garlic, and celery until fragrant. Add chopped carrot, beans, and potato and cook briefly for 23 minutes. Pour in water (and vegetable stock if using) and bring to a boil. Reduce heat and simmer on low for 15 to 20 minutes until vegetables are soft. Season with salt, black pepper, and chopped parsley. Serve hot.",25,Easy,Lunch,170,https://plus.unsplash.com/premium_photo-1705851313909-97dbf2bf54d6?q=80&w=387&auto=format&fit=crop&ixlib=rb-4.1.0&ixid=M3wxMjA3fDB8MHxwaG90by1wYWdlfHx8fGVufDB8fHx8fA%3D%3D
17,Chicken Soup,"Chicken, onion, garlic, oil, carrot, celery, salt, black pepper, parsley, bay leaf, water, chicken stock cube (optional)",Continental,non-veg,"Heat oil in a pot on medium heat and saut chopped onion, garlic, carrot, and celery until fragrant. Add chicken pieces and cook briefly until lightly browned. Pour in water (and chicken stock if using) and add a bay leaf. Bring to a boil. Reduce heat and simmer for 20 to 25 minutes until chicken is fully cooked and vegetables are tender. Season with salt, black pepper, and chopped parsley. Remove bay leaf and serve hot.",30,Easy,Lunch,320,https://images.unsplash.com/photo-1665594051407-7385d281ad76?q=80&w=386&auto=format&fit=crop&ixlib=rb-4.1.0&ixid=M3wxMjA3fDB8MHxwaG90by1wYWdlfHx8fGVufDB8fHx8fA%3D%3D
18,Hummus,"Cooked chickpeas, garlic, olive oil, lemon juice, tahini, salt, black pepper, cumin powder (optional), paprika, water",Middle Eastern,veg,"Place cooked chickpeas, chopped garlic, tahini, olive oil, lemon juice, salt, and a pinch of cumin powder in a blender. Blend until smooth and creamy, adding a little water if needed for consistency. Taste and adjust seasoning with more salt or lemon juice if necessary. Transfer to a serving bowl, drizzle with olive oil and sprinkle paprika on top. Serve fresh with pita bread or vegetables.",10,Easy,Dinner,250,https://plus.unsplash.com/premium_photo-1663853051786-16613cb8ef0d?q=80&w=387&auto=format&fit=crop&ixlib=rb-4.1.0&ixid=M3wxMjA3fDB8MHxwaG90by1wYWdlfHx8fGVufDB8fHx8fA%3D%3D
19,Falafel,"Chickpeas, onion, garlic, cumin powder, coriander powder, chili powder, salt, baking powder, oil, parsley, coriander leaves",Middle Eastern,veg,"Soak chickpeas overnight and drain. Grind chickpeas with chopped onion, garlic, cumin powder, coriander powder, chili powder, salt, baking powder, parsley, and coriander leaves to form a coarse paste. Shape the mixture into small balls or patties. Heat oil in a pan and deep fry or shallow fry the balls until golden brown and crisp. Drain excess oil on paper towels and serve hot with dipping sauce.",30,Medium,Dinner,250,https://images.unsplash.com/photo-1637861004714-49fa0ccbb993?q=80&w=379&auto=format&fit=crop&ixlib=rb-4.1.0&ixid=M3wxMjA3fDB8MHxwaG90by1wYWdlfHx8fGVufDB8fHx8fA%3D%3D
20,Shakshuka,"Eggs, tomato, onion, garlic, oil, bell pepper, cumin powder, paprika, chili powder, salt, black pepper, parsley",Middle Eastern,non-veg,"Heat oil in a pan on medium heat and saut chopped onion, garlic, and bell pepper until soft. Add chopped tomatoes, cumin powder, paprika, chili powder, salt, and black pepper and cook until the sauce thickens slightly. Make small wells in the sauce and crack eggs into the wells. Cover the pan and cook on low heat until eggs are set to your preference. Garnish with chopped parsley and serve hot.",25,Medium,Dinner,400,Images/Middle Eastern Food.jpg
21,Mushroom Stir Fry,"Mushrooms, onion, garlic, oil, soy sauce, black pepper, spring onions (optional), sesame seeds (optional)",Chinese,veg,Heat oil in a pan on medium heat and saut chopped onion and garlic until fragrant. Add sliced mushrooms and stir-fry for 45 minutes until soft but not soggy. Add soy sauce and black pepper and toss to coat evenly. Garnish with chopped spring onions and sesame seeds if desired. Serve hot.,15,Easy,Dinner,250,Images/Chinese Food.jpg
22,Fish Curry,"Fish fillets, onion, tomato, garlic, ginger, oil, turmeric, chili powder, coriander powder, cumin powder, salt, black pepper, fresh coriander, water",Indian,non-veg,"Heat oil in a pan and saut chopped onion, garlic, and ginger until golden. Add turmeric, chili powder, coriander powder, cumin powder, and salt and cook for 1 minute. Add chopped tomatoes and cook until soft and oil separates. Gently place fish fillets into the sauce and add a little water. Simmer on low heat for 810 minutes until fish is fully cooked. Garnish with chopped coriander and serve hot with rice or bread.",35,Medium,Dinner,400,https://images.unsplash.com/photo-1654863404432-cac67587e25d?q=80&w=870&auto=format&fit=crop&ixlib=rb-4.1.0&ixid=M3wxMjA3fDB8MHxwaG90by1wYWdlfHx8fGVufDB8fHx8fA%3D%3D
23,Vegetable Upma,"Semolina (rava), onion, carrot, green peas, green chili, ginger, curry leaves, oil, salt, mustard seeds, water, coriander leaves",Indian,veg,"Heat oil in a pan and add mustard seeds. Once they splutter, add chopped onion, green chili, ginger, and curry leaves. Sauteee until onion turns soft. Add chopped carrot and peas and cook for 23 minutes. Roast semolina separately for 23 minutes until light golden. Boil water in a pot with salt, then slowly add roasted semolina while stirring to avoid lumps. Cook on low heat until thick and soft. Garnish with chopped coriander leaves and serve hot.",20,Easy,Dinner,250,Images/Indian Dinner.jpg
24,Chicken Biryani,"Basmati rice, chicken, onion, garlic, ginger, yogurt, garam masala, turmeric, chili powder, coriander powder, cumin seeds, oil, salt, saffron (optional), water, fresh coriander and mint leaves",Indian,non-veg,"Marinate chicken with yogurt, turmeric, chili powder, coriander powder, cumin, and salt for at least 30 minutes. Cook onions until golden and saut garlic and ginger paste. Add marinated chicken and cook until partially done. Boil basmati rice until 70% cooked. Layer rice and chicken in a deep pan, sprinkle garam masala, saffron, and fresh coriander and mint leaves. Cover and cook on low heat (dum) for 20 to 25 minutes until chicken and rice are fully cooked. Serve hot.",50,Medium,Dinner,400,https://images.unsplash.com/photo-1589302168068-964664d93dc0?q=80&w=387&auto=format&fit=crop&ixlib=rb-4.1.0&ixid=M3wxMjA3fDB8MHxwaG90by1wYWdlfHx8fGVufDB8fHx8fA%3D%3D
25,Vegetable Korma,"Carrot, beans, potato, onion, peas, cream, cashew paste, oil, cumin seeds, turmeric, chili powder, coriander powder, garam masala, salt, water, fresh coriander",Indian,veg,"Heat oil in a pan and add cumin seeds. Sauteee chopped onion until soft. Add turmeric, chili powder, coriander powder, and salt. Cook for 12 minutes. Add chopped vegetables and mix well. Cover and cook on low heat for 10 minutes. Add cream and cashew paste, stir gently, and simmer for 57 minutes until vegetables are tender. Sprinkle garam masala and garnish with fresh coriander. Serve hot.",40,Medium,Dinner,250,Images/Indian Dinner.jpg
26,Tomato Soup,"Tomato, onion, garlic, olive oil, salt, black pepper, sugar (optional), basil leaves, water, cream (optional)",Continental,veg,"Heat oil in a pot and saut chopped onion and garlic until soft. Add chopped tomatoes and cook for 57 minutes until soft. Add water and bring to a boil. Reduce heat and simmer for 10 minutes. Blend the mixture until smooth. Return to pot, add salt, black pepper, sugar if needed, and simmer for 23 minutes. Add cream if desired. Garnish with basil leaves and serve hot.",20,Easy,Lunch,170,https://images.unsplash.com/photo-1629978444632-9f63ba0eff47?q=80&w=871&auto=format&fit=crop&ixlib=rb-4.1.0&ixid=M3wxMjA3fDB8MHxwaG90by1wYWdlfHx8fGVufDB8fHx8fA%3D%3D
27,Garlic Bread,"Bread slices, butter, garlic, parsley (optional), salt, black pepper, olive oil",Italian,veg,"Preheat oven or toaster. Mix softened butter with minced garlic, chopped parsley, salt, and black pepper. Spread garlic butter evenly on bread slices. Toast or bake slices until golden and crisp. Serve hot.",10,Easy,Dinner,250,https://plus.unsplash.com/premium_photo-1711752902734-a36167479983?q=80&w=388&auto=format&fit=crop&ixlib=rb-4.1.0&ixid=M3wxMjA3fDB8MHxwaG90by1wYWdlfHx8fGVufDB8fHx8fA%3D%3D
28,Chicken Pizza,"Pizza base, chicken, tomato sauce, mozzarella cheese, olive oil, onion, bell pepper, salt, black pepper, Italian herbs",Italian,non-veg,"Preheat oven to 200C. Spread tomato sauce evenly on the pizza base. Add cooked chicken pieces, sliced onion, bell pepper, and sprinkle salt, black pepper, and Italian herbs. Cover with mozzarella cheese and drizzle olive oil on top. Bake for 1215 minutes until cheese melts and crust is crisp. Serve hot.",30,Medium,Dinner,480,https://media.istockphoto.com/id/185280728/photo/grilled-chicken-and-roasted-pepper-pizza.jpg?s=1024x1024&w=is&k=20&c=bX_sS4-7JfyX5d-IHuyvxBq0iGwGhZQS3QSIbIpr2tk=
29,Vegetable Lasagna,"Lasagna sheets, tomato, carrot, beans, zucchini, bell pepper, mozzarella cheese, ricotta cheese, olive oil, salt, black pepper, Italian herbs",Italian,veg,"Preheat oven to 180C. Boil lasagna sheets until al dente. Sauteee chopped vegetables in olive oil with salt, black pepper, and Italian herbs until slightly soft. Layer lasagna sheets, vegetable mixture, ricotta, and mozzarella in a baking dish. Repeat layers. Top with mozzarella cheese and bake for 3035 minutes until golden and bubbling. Serve hot.",45,Medium,Dinner,430,Images/Italian Food.jpg
30,Schezwan Chicken,"Chicken, garlic, oil, soy sauce, Schezwan sauce, green chili, bell pepper, onion, salt, black pepper",Chinese,non-veg,"Heat oil in a wok on high heat and saut minced garlic until fragrant. Add chicken pieces and stir-fry until lightly browned. Add chopped onion, bell pepper, and green chili and stir-fry for 23 minutes. Add soy sauce, Schezwan sauce, salt, and black pepper and toss everything to coat the chicken evenly. Cook for another 34 minutes until chicken is fully cooked. Serve hot.",30,Medium,Dinner,400,Images/Chinese Food.jpg
31,Vegetable Dumplings,"All-purpose flour, water, cabbage, carrot, garlic, spring onion, soy sauce, sesame oil, salt, black pepper, oil",Chinese,veg,"Prepare dough by mixing flour and water until smooth. Let it rest for 15 to 20 minutes. Finely chop cabbage, carrot, garlic, and spring onions. Mix with soy sauce, sesame oil, salt, and black pepper to make filling. Roll dough into small circles, place 12 teaspoons of filling in the center, and fold into dumplings. Heat water in a steamer and steam dumplings for 810 minutes until cooked. Serve hot with soy sauce or chili sauce.",35,Medium,Snack,250,Images/Chinese Snacks.jpg
32,Chicken Dumplings,"All-purpose flour, water, chicken, garlic, ginger, soy sauce, sesame oil, spring onion, salt, black pepper, oil",Chinese,non-veg,"Prepare dough by mixing flour and water until smooth. Rest for 15 to 20 minutes. Finely chop chicken, garlic, ginger, and spring onions. Mix with soy sauce, sesame oil, salt, and black pepper to make filling. Roll dough into small circles, place filling in center, and fold into dumplings. Steam dumplings for 10 to 12 minutes until chicken is fully cooked. Serve hot with chili sauce or soy sauce.",35,Medium,Snack,400,https://plus.unsplash.com/premium_photo-1661602289442-be921f526ec0?q=80&w=871&auto=format&fit=crop&ixlib=rb-4.1.0&ixid=M3wxMjA3fDB8MHxwaG90by1wYWdlfHx8fGVufDB8fHx8fA%3D%3D
33,Bean Burrito,"Tortilla, cooked beans, onion, tomato, cheese, olive oil, chili powder, cumin powder, salt, black pepper, lettuce, sour cream (optional)",Mexican,veg,"Heat a pan with a little olive oil and saut chopped onion and tomato until soft. Add cooked beans, chili powder, cumin, salt, and black pepper. Cook for 23 minutes. Warm tortillas on a pan. Place a portion of the bean mixture on the tortilla, sprinkle grated cheese, and add lettuce and sour cream if desired. Roll the tortilla tightly and serve hot.",20,Easy,Dinner,330,Images/Mexican Food.jpg
34,Chicken Burrito,"Tortilla, chicken, onion, tomato, cheese, olive oil, chili powder, cumin powder, salt, black pepper, lettuce, sour cream (optional)",Mexican,non-veg,"Heat oil in a pan and saut chopped onion until soft. Add chicken pieces, chili powder, cumin, salt, and black pepper. Cook until chicken is fully done. Warm tortillas on a pan. Place chicken mixture on the tortilla, add tomato slices, cheese, lettuce, and sour cream if desired. Roll the tortilla tightly and serve hot.",25,Easy,Dinner,480,Images/Mexican Food.jpg
35,Nachos,"Corn chips, shredded cheese, tomato, onion, jalapeno (optional), chili powder, salt, black pepper, sour cream (optional), coriander leaves (optional)",Mexican,veg,"Preheat oven to 180C. Arrange corn chips evenly on a baking tray. Top with chopped tomato, onion, and jalapeno if using. Sprinkle shredded cheese, chili powder, salt, and black pepper evenly. Bake for 810 minutes until cheese melts. Garnish with sour cream and coriander leaves if desired. Serve hot.",15,Easy,Dinner,330,Images/Mexican Food.jpg
36,Greek Salad,"Cucumber, tomato, onion, olive oil, feta cheese, black olives, salt, black pepper, lemon juice, oregano",Continental,veg,"Chop cucumber, tomato, and onion into bite-sized pieces. Crumble feta cheese over the vegetables and add black olives. Drizzle olive oil and lemon juice. Season with salt, black pepper, and oregano. Toss gently and serve fresh.",10,Easy,Dinner,330,https://plus.unsplash.com/premium_photo-1690561082636-06237f98bfab?q=80&w=387&auto=format&fit=crop&ixlib=rb-4.1.0&ixid=M3wxMjA3fDB8MHxwaG90by1wYWdlfHx8fGVufDB8fHx8fA%3D%3D
37,Grilled Fish,"Fish fillets, olive oil, garlic, lemon juice, salt, black pepper, paprika, parsley (optional)",Continental,non-veg,"Marinate fish fillets with minced garlic, lemon juice, olive oil, salt, black pepper, and paprika for 15 to 20 minutes. Preheat grill or oven to 200C. Place fish on the grill or baking tray and cook for 57 minutes on each side until fully cooked and lightly charred. Garnish with chopped parsley and serve hot.",25,Easy,Dinner,400,Images/Cont Dinner.jpg
38,Vegetable Omelette,"Eggs, onion, carrot, bell pepper, salt, black pepper, oil, milk (optional), parsley (optional)",Continental,non-veg,"Beat eggs in a bowl with a little salt, black pepper, and milk if using. Chop onion, carrot, and bell pepper finely. Heat oil in a pan and saut vegetables briefly. Pour beaten eggs over the vegetables and cook on medium-low heat until set. Flip carefully to cook the other side if desired. Garnish with parsley and serve hot.",10,Easy,Dinner,400,Images/Cont Dinner.jpg
39,Shawarma Wrap,"Flatbread, chicken, onion, garlic, olive oil, paprika, cumin powder, chili powder, salt, black pepper, lettuce, tomato, yogurt sauce (optional)",Middle Eastern,non-veg,"Mix chicken with paprika, cumin, chili powder, salt, black pepper, and olive oil. Heat a pan and cook chicken until fully done. Warm flatbread on a pan. Place cooked chicken, sliced onion, tomato, and lettuce on flatbread. Add yogurt sauce if desired, roll tightly, and serve hot.",30,Medium,Snack,400,https://images.unsplash.com/photo-1762284513096-e411d20c1a4d?q=80&w=387&auto=format&fit=crop&ixlib=rb-4.1.0&ixid=M3wxMjA3fDB8MHxwaG90by1wYWdlfHx8fGVufDB8fHx8fA%3D%3D
40,Vegetable Shawarma,"Flatbread, carrot, cabbage, onion, garlic, bell pepper, olive oil, paprika, cumin powder, salt, black pepper, lettuce, yogurt sauce (optional)",Middle Eastern,veg,"Chop carrot, cabbage, onion, garlic, and bell pepper finely. Heat olive oil in a pan and saut garlic and onion until fragrant. Add remaining vegetables, paprika, cumin, salt, and black pepper. Cook for 45 minutes until slightly soft. Warm flatbread on a pan. Place cooked vegetables and lettuce on flatbread, add yogurt sauce if desired. Roll tightly and serve hot.",25,Easy,Dinner,250,Images/Middle Eastern Food.jpg
41,Lentil Soup,"Lentils (red or yellow), onion, garlic, carrot, celery (optional), olive oil, salt, black pepper, cumin powder, turmeric, water, lemon juice, fresh coriander",Middle Eastern,veg,"Rinse lentils thoroughly. Heat olive oil in a pot and saut chopped onion, garlic, carrot, and celery until soft. Add cumin powder, turmeric, salt, and black pepper, and saut for 1 minute. Add lentils and water (about 3 cups). Bring to a boil, then simmer on low heat for 20 to 25 minutes until lentils are fully cooked and soft. Adjust consistency with water if needed. Blend partially or fully for a smooth texture. Add lemon juice, garnish with chopped coriander, and serve hot.",30,Easy,Lunch,170,Images/Middle Eastern Food.jpg
42,Chicken Kebab,"Chicken pieces (boneless), garlic, ginger, yogurt, chili powder, cumin powder, coriander powder, paprika, salt, black pepper, olive oil, lemon juice",Middle Eastern,non-veg,"Mix chicken with minced garlic, ginger, yogurt, chili powder, cumin, coriander, paprika, salt, black pepper, olive oil, and lemon juice. Marinate for at least 1 hour or overnight for best flavor. Preheat grill or oven to 200C. Thread chicken pieces onto skewers. Grill for 810 minutes on each side until fully cooked and slightly charred. Serve hot with salad or yogurt sauce.",35,Medium,Dinner,400,https://plus.unsplash.com/premium_photo-1663854478523-877ed0dde4af?q=80&w=387&auto=format&fit=crop&ixlib=rb-4.1.0&ixid=M3wxMjA3fDB8MHxwaG90by1wYWdlfHx8fGVufDB8fHx8fA%3D%3D
43,Vegetable Curry,"Carrot, beans, potato, onion, garlic, oil, turmeric, chili powder, coriander powder, cumin powder, garam masala, salt, water, fresh coriander",Indian,veg,"Heat oil in a pan and saut chopped onion and garlic until soft. Add turmeric, chili powder, coriander powder, cumin powder, and salt. Cook for 12 minutes. Add chopped carrots, beans, and potato. Mix well. Pour in enough water to cover vegetables. Cover and simmer for 15 to 20 minutes until vegetables are tender. Sprinkle garam masala and garnish with fresh coriander. Serve hot with rice or roti.",30,Easy,Dinner,250,Images/Indian Dinner.jpg
44,Chicken Stir Fry,"Chicken breast, onion, garlic, bell pepper, soy sauce, olive oil, salt, black pepper, chili flakes (optional), spring onion for garnish",Chinese,non-veg,"Cut chicken into thin strips. Heat olive oil in a wok on high heat. Add minced garlic and sliced onion, stir-fry for 12 minutes until fragrant. Add chicken strips and cook for 56 minutes until lightly browned. Add sliced bell pepper, soy sauce, salt, black pepper, and chili flakes if using. Stir-fry for 23 more minutes until chicken is fully cooked and vegetables are crisp-tender. Garnish with chopped spring onion and serve hot.",25,Easy,Dinner,400,Images/Chinese Food.jpg
45,Vegetable Cutlet,"Potato, carrot, peas, green beans, onion, garlic, breadcrumbs, cornflour, oil, salt, black pepper, chili powder, coriander leaves",Indian,veg,"Boil and mash potatoes. Steam or boil carrots, peas, and beans and chop finely. Mix mashed potatoes with vegetables, chopped onion, garlic, cornflour, salt, black pepper, chili powder, and coriander leaves. Shape mixture into small patties. Coat with breadcrumbs. Heat oil in a pan and shallow fry cutlets on medium heat until golden brown on both sides. Serve hot with chutney or sauce.",30,Easy,Dinner,250,Images/Indian Dinner.jpg
46,Chicken Cutlet,"Chicken breast, boiled potato, onion, garlic, breadcrumbs, cornflour, oil, salt, black pepper, chili powder, egg",Indian,non-veg,"Boil and shred chicken. Mash boiled potato. Mix chicken, mashed potato, chopped onion, minced garlic, salt, black pepper, and chili powder. Shape mixture into small patties. Coat with beaten egg and then breadcrumbs. Heat oil in a pan and shallow fry cutlets on medium heat until golden brown on both sides. Serve hot.",35,Medium,Dinner,400,Images/Indian Dinner.jpg
47,Pancakes,"All-purpose flour, milk, egg, butter, sugar, baking powder, salt, vanilla essence (optional), honey or syrup (optional)",Continental,veg,"In a bowl, mix flour, baking powder, sugar, and salt. In another bowl, whisk egg with milk and melted butter. Add vanilla essence if using. Combine wet and dry ingredients and mix until smooth, avoiding lumps. Heat a non-stick pan on medium heat and grease lightly with butter. Pour batter onto pan and cook until bubbles appear on the surface, then flip and cook the other side until golden. Serve hot with honey, syrup, or fruits.",20,Easy,Dinner,250,https://images.unsplash.com/photo-1612182062633-9ff3b3598e96?q=80&w=419&auto=format&fit=crop&ixlib=rb-4.1.0&ixid=M3wxMjA3fDB8MHxwaG90by1wYWdlfHx8fGVufDB8fHx8fA%3D%3D
48,Fruit Salad,"Apple, banana, orange, grapes, kiwi (optional), honey or lemon juice, mint leaves (optional)",Continental,veg,Wash and peel fruits if necessary. Chop all fruits into bite-sized pieces. Mix gently in a bowl. Add a little honey or lemon juice to enhance flavor. Garnish with mint leaves if desired. Serve fresh chilled.,10,Easy,Dinner,250,https://images.unsplash.com/photo-1658431618300-a69b07fb5782?q=80&w=387&auto=format&fit=crop&ixlib=rb-4.1.0&ixid=M3wxMjA3fDB8MHxwaG90by1wYWdlfHx8fGVufDB8fHx8fA%3D%3D
49,Chicken Fried Rice,"Cooked rice, chicken breast, garlic, onion, soy sauce, oil, green peas, carrot, black pepper, spring onion for garnish",Chinese,non-veg,"Heat oil in a wok on high heat. Add minced garlic and chopped onion, saut until fragrant. Add chicken pieces and cook until lightly browned. Add chopped carrot and green peas, stir-fry for 23 minutes. Add cooked rice and soy sauce, tossing everything well for 34 minutes until heated through. Season with black pepper and garnish with spring onion. Serve hot.",25,Easy,Lunch,400,https://images.unsplash.com/photo-1603133872878-684f208fb84b?q=80&w=725&auto=format&fit=crop&ixlib=rb-4.1.0&ixid=M3wxMjA3fDB8MHxwaG90by1wYWdlfHx8fGVufDB8fHx8fA%3D%3D
50,Vegetable Poha,"Flattened rice (poha), onion, green peas, carrot, green chili, curry leaves, mustard seeds, turmeric, oil, salt, lemon juice, coriander leaves",Indian,veg,"Rinse poha under water and drain completely. Heat oil in a pan and add mustard seeds. Once they splutter, add curry leaves, chopped onion, green chili, and carrot. Sauteee until onion is soft. Add green peas, turmeric, and salt. Mix well. Add drained poha and toss gently to combine. Cook for 23 minutes on low heat. Add lemon juice and garnish with coriander leaves. Serve hot.",15,Easy,Dinner,250,Images/Indian Dinner.jpg
51,Vegetable Khichdi,"Rice, split yellow lentils (moong dal), carrot, peas, beans (optional), ginger, green chili, cumin seeds, turmeric, oil or ghee, salt, water, coriander leaves",Indian,veg,"Rinse rice and lentils thoroughly. Chop carrot and beans into small pieces. Heat oil or ghee in a pressure cooker or pot. Add cumin seeds, chopped ginger, and green chili. Sauteee for 12 minutes. Add chopped vegetables, turmeric, and salt. Stir for 2 minutes. Add rice and lentils, pour water (about 3 cups for 1 cup rice and 1/2 cup lentils), mix well. Cook covered on low heat for 20 to 25 minutes or pressure cook for 23 whistles until rice and lentils are soft. Garnish with chopped coriander and serve hot with yogurt or pickle.",30,Easy,Dinner,250,Images/Indian Dinner.jpg
52,Chicken Khichdi,"Rice, split yellow lentils (moong dal), chicken pieces, ginger, garlic, green chili, cumin seeds, turmeric, oil, salt, water, coriander leaves",Indian,non-veg,"Heat oil in a pressure cooker or pot. Add cumin seeds, chopped ginger, garlic, and green chili. Sauteee until aromatic. Add chicken pieces, turmeric, and salt. Cook for 56 minutes until chicken changes color. Add rice and lentils, pour water (about 34 cups), mix well. Cook on low heat for 25 to 30 minutes or pressure cook for 34 whistles until chicken, rice, and lentils are soft. Garnish with coriander and serve hot.",40,Medium,Dinner,400,Images/Indian Dinner.jpg
53,Vegetable Paratha,"Whole wheat flour, boiled potato, carrot, peas (optional), onion, green chili, coriander leaves, salt, black pepper, oil or ghee",Indian,veg,"Prepare dough by mixing flour with water and a pinch of salt. Rest for 20 minutes. Boil and mash potato. Grate carrot and mix with mashed potato, chopped onion, green chili, coriander, salt, and pepper to make filling. Roll dough into small circles, place filling in center, fold edges, and roll again gently. Heat a pan and cook paratha on medium heat with oil or ghee until golden and crisp on both sides. Serve hot with yogurt or pickle.",30,Medium,Dinner,250,Images/Indian Dinner.jpg
54,Chicken Paratha,"Whole wheat flour, chicken, onion, green chili, garlic, coriander leaves, salt, black pepper, oil or ghee",Indian,non-veg,"Prepare dough by mixing flour with water and salt. Rest for 20 minutes. Cook chicken with chopped onion, garlic, green chili, coriander, salt, and pepper until fully done. Let it cool. Roll dough into small circles, place chicken filling in center, fold edges, and roll gently again. Heat pan and cook paratha with oil or ghee until golden brown on both sides. Serve hot with chutney or yogurt.",35,Medium,Dinner,400,Images/Indian Dinner.jpg
55,Vegetable Idli,"Parboiled rice, split urad dal (lentils), carrot, beans, green chili, ginger, salt, oil (for greasing idli molds), water",Indian,veg,"Soak rice and urad dal separately for 45 hours. Grind urad dal to smooth batter and rice to coarse batter. Mix both batters with salt, cover, and ferment for 810 hours. Chop carrot, beans, green chili, and ginger finely and mix into batter. Grease idli molds with oil. Pour batter into molds. Steam in an idli steamer or pressure cooker (without whistle) for 10 to 12 minutes until cooked. Remove and serve hot with coconut chutney or sambar.",40,Medium,Dinner,250,Images/Indian Dinner.jpg
56,Chicken Stew,"Chicken pieces, onion, garlic, carrot, potato, beans (optional), oil, salt, black pepper, bay leaf, cinnamon stick, water, coriander for garnish",Indian,non-veg,"Heat oil in a pot. Sauteee chopped onion and garlic until soft. Add chicken pieces, salt, black pepper, bay leaf, and cinnamon stick. Cook for 56 minutes. Add chopped carrot, potato, and beans. Pour water to cover all ingredients. Bring to boil, then simmer on low heat for 20 to 25 minutes until chicken and vegetables are tender. Garnish with fresh coriander and serve hot with bread or rice.",35,Easy,Dinner,400,https://media.istockphoto.com/id/1085446276/photo/homemade-french-coq-au-vin-chicken.jpg?s=1024x1024&w=is&k=20&c=m3Gy1NPnngWA_ocDGoBycBs8BQHXl1CVJxgODIXkYR0=
57,Vegetable Dosa,"Parboiled rice, split urad dal, oil, salt, carrot, beans, onion, green chili, coriander leaves (optional)",Indian,veg,"Soak rice and urad dal for 45 hours. Grind to smooth batter, mix, and ferment for 8 hours. Chop carrot, beans, onion, and green chili finely. Mix into batter or use as filling. Heat a non-stick pan or tawa. Pour a ladleful of batter and spread thinly. Drizzle oil around edges. Cook on medium heat until edges lift and base is crisp. Flip if desired. Serve hot with chutney or sambar.",25,Easy,Dinner,250,Images/Indian Dinner.jpg
59,Chicken Risotto,"Arborio rice, chicken breast, onion, garlic, chicken stock, olive oil, butter, salt, black pepper, parmesan cheese, parsley",Italian,non-veg,"Heat olive oil and butter in a pan. Sauteee chopped onion and garlic until translucent. Add diced chicken and cook until lightly browned. Add Arborio rice and toast for 2 minutes. Gradually pour warm chicken stock, stirring continuously until absorbed before adding more. Cook for 25 to 30 minutes until rice is creamy and chicken is fully cooked. Add parmesan cheese, salt, and pepper. Garnish with parsley and serve hot.",45,Medium,Dinner,480,https://media.istockphoto.com/id/1142419934/photo/chicken-spinach-and-rice-casserole.jpg?s=1024x1024&w=is&k=20&c=fxrSMq4XSOMks7VLQLsbdPnE7QNhXWTnVwZnOKQVh_0=
60,Vegetable Calzone,"pizza dough,tomato,cheese,vegetables",Italian,veg,Fill dough with vegetables and cheese. Bake until golden.,35,Medium,Dinner,330,Images/Italian Food.jpg
61,Kung Pao Chicken,"Chicken breast, roasted peanuts, garlic, ginger, green chili, soy sauce, rice vinegar, sugar, cornflour, sesame oil, vegetable oil, spring onion",Chinese,non-veg,"Cut chicken into small cubes. Mix chicken with a little cornflour and salt. Heat vegetable oil in a wok on high heat. Stir-fry chicken until lightly golden and cooked. Remove and set aside. In the same wok, add chopped garlic, ginger, and green chili. Sauteee briefly. Add roasted peanuts, cooked chicken, soy sauce, rice vinegar, sugar, and a splash of water. Stir-fry on high heat for 23 minutes until sauce thickens. Drizzle sesame oil, garnish with chopped spring onion, and serve hot.",30,Medium,Dinner,400,Images/Chinese Food.jpg
62,Veg Hakka Noodles,"Noodles, cabbage, carrot, capsicum, spring onion, garlic, soy sauce, vinegar, oil, salt, black pepper, chili sauce (optional)",Chinese,veg,"Boil noodles until al dente, drain, and toss with a little oil to prevent sticking. Heat oil in a wok on high heat. Add minced garlic and saut until fragrant. Add thinly sliced cabbage, carrot, and capsicum. Stir-fry for 23 minutes until vegetables are tender-crisp. Add cooked noodles, soy sauce, vinegar, salt, black pepper, and chili sauce if using. Toss everything well for 23 minutes. Garnish with chopped spring onion and serve hot.",25,Easy,Lunch,250,https://images.unsplash.com/photo-1741243412484-558eb91fe8c7?q=80&w=387&auto=format&fit=crop&ixlib=rb-4.1.0&ixid=M3wxMjA3fDB8MHxwaG90by1wYWdlfHx8fGVufDB8fHx8fA%3D%3D
63,Sweet and Sour Chicken,"Chicken breast, onion, bell pepper, garlic, ginger, soy sauce, ketchup, vinegar, sugar, cornflour, vegetable oil, salt, black pepper",Chinese,non-veg,"Cut chicken into bite-sized pieces, coat lightly with cornflour, salt, and pepper. Heat oil in a pan and fry chicken until golden and cooked. Remove and set aside. In the same pan, saut minced garlic and ginger until aromatic. Add chopped onion and bell pepper, stir-fry for 23 minutes. Mix soy sauce, ketchup, vinegar, and sugar to make sweet-sour sauce. Add to the pan along with fried chicken. Toss well on high heat for 23 minutes until sauce thickens. Serve hot.",35,Medium,Dinner,400,Images/Chinese Food.jpg
64,Mapo Tofu,"Soft tofu, garlic, ginger, soy sauce, chili bean paste, vegetable oil, spring onion, sesame oil, cornstarch, water",Chinese,veg,"Cut tofu into small cubes and set aside. Heat vegetable oil in a pan on medium heat. Add minced garlic and ginger and saut until fragrant. Add chili bean paste and stir for 30 seconds. Add tofu cubes gently, pour a little water, and simmer for 34 minutes. Mix cornstarch with water and add to pan to thicken sauce. Drizzle sesame oil, garnish with chopped spring onion, and serve hot.",25,Medium,Dinner,250,Images/Chinese Food.jpg
65,Chinese Vegetable Soup,"Carrot, cabbage, onion, garlic, ginger, spring onion, vegetable stock or water, salt, black pepper, sesame oil (optional)",Chinese,veg,"Heat a pot with a little oil. Add minced garlic and ginger, saut briefly. Add chopped carrot, cabbage, and onion. Stir-fry for 23 minutes. Pour in vegetable stock or water. Bring to boil, then simmer for 10 to 12 minutes until vegetables are tender. Season with salt and black pepper. Drizzle sesame oil and garnish with spring onion. Serve hot.",20,Easy,Lunch,170,https://plus.unsplash.com/premium_photo-1705851313909-97dbf2bf54d6?q=80&w=387&auto=format&fit=crop&ixlib=rb-4.1.0&ixid=M3wxMjA3fDB8MHxwaG90by1wYWdlfHx8fGVufDB8fHx8fA%3D%3D
66,Italian Minestrone Soup,"Tomato, carrot, beans, zucchini, pasta (small shapes), onion, garlic, olive oil, vegetable stock, salt, black pepper, oregano, basil",Italian,veg,"Heat olive oil in a pot. Sauteee chopped onion and garlic until translucent. Add chopped carrot, beans, and zucchini, stir for 23 minutes. Add chopped tomato and cook until softened. Pour in vegetable stock and bring to a boil. Add pasta and cook until tender, stirring occasionally. Season with salt, black pepper, oregano, and basil. Serve hot.",30,Easy,Lunch,170,Images/Italian Food.jpg
67,Pesto Pasta,"Pasta, fresh basil leaves, garlic, pine nuts, olive oil, parmesan cheese, salt, black pepper, lemon juice (optional)",Italian,veg,"Boil pasta until al dente, drain, and set aside. In a blender, combine basil leaves, garlic, pine nuts, olive oil, parmesan cheese, salt, black pepper, and lemon juice (optional) to make pesto sauce. Toss cooked pasta with pesto sauce until evenly coated. Serve warm, garnished with extra parmesan.",20,Easy,Lunch,430,Images/Italian Food.jpg
68,Chicken Parmigiana,"Chicken breast, tomato sauce, mozzarella cheese, parmesan cheese, olive oil, garlic, flour, egg, breadcrumbs, salt, black pepper, Italian herbs",Italian,non-veg,"Pound chicken breast to even thickness. Season with salt, pepper, and Italian herbs. Coat chicken with flour, dip in beaten egg, and coat with breadcrumbs. Heat olive oil in a pan and cook chicken until golden brown. Place cooked chicken in a baking dish, spread tomato sauce over it, sprinkle mozzarella and parmesan. Bake in preheated oven at 200C for 15 to 20 minutes until cheese melts. Serve hot.",40,Medium,Dinner,480,Images/Italian Food.jpg
69,Mushroom Risotto,"Arborio rice, mushrooms, onion, garlic, olive oil, vegetable stock, parmesan cheese, butter, salt, black pepper, parsley",Italian,veg,"Heat olive oil and butter in a pan. Sauteee chopped onion and garlic until soft. Add sliced mushrooms and cook until they release moisture. Add Arborio rice and toast for 2 minutes. Gradually add warm vegetable stock, stirring continuously, letting rice absorb liquid before adding more. Cook for 20 to 25 minutes until rice is creamy and tender. Add parmesan cheese, salt, pepper, and garnish with parsley. Serve hot.",45,Medium,Dinner,330,Images/Italian Food.jpg
70,Spaghetti Aglio Olio,"Spaghetti pasta, garlic, olive oil, dried chili flakes, salt, black pepper, parsley (optional)",Italian,veg,"Boil spaghetti in salted water until al dente, drain, and reserve some pasta water. Heat olive oil in a pan on medium heat. Sauteee sliced garlic until golden. Add chili flakes and cooked spaghetti. Toss quickly, adding a little reserved pasta water to coat evenly. Season with salt and black pepper. Garnish with chopped parsley and serve hot.",20,Easy,Dinner,250,Images/Italian Food.jpg
71,Chicken Chow Mein,"Noodles, chicken breast, garlic, ginger, soy sauce, oyster sauce, spring onion, carrot, cabbage, bell pepper, vegetable oil, salt, black pepper",Chinese,non-veg,"Boil noodles until al dente, drain, and toss with a little oil to prevent sticking. Heat oil in a wok on high heat. Add minced garlic and ginger, saut briefly. Add sliced chicken and stir-fry until fully cooked. Remove and set aside. Add sliced carrot, cabbage, and bell pepper to the wok. Stir-fry for 23 minutes until tender-crisp. Return cooked chicken to the wok. Add noodles, soy sauce, oyster sauce, salt, and black pepper. Toss everything on high heat for 23 minutes until well combined. Garnish with chopped spring onion and serve hot.",30,Easy,Dinner,400,https://plus.unsplash.com/premium_photo-1661432484710-90bd17326a97?q=80&w=1032&auto=format&fit=crop&ixlib=rb-4.1.0&ixid=M3wxMjA3fDB8MHxwaG90by1wYWdlfHx8fGVufDB8fHx8fA%3D%3D
72,Vegetable Manchow Soup,"Cabbage, carrot, beans, spring onion, garlic, ginger, soy sauce, cornflour, vegetable stock, black pepper, oil, chili sauce (optional)",Chinese,veg,"Finely chop all vegetables. Heat oil in a pot and saut minced garlic and ginger until fragrant. Add vegetables and stir-fry for 23 minutes. Pour in vegetable stock and bring to a boil. Mix cornflour with water and add to soup to thicken slightly. Season with soy sauce, black pepper, and chili sauce if using. Simmer for 5 minutes. Garnish with chopped spring onion and serve hot.",25,Easy,Lunch,170,https://media.istockphoto.com/id/1331132332/photo/vegetable-manchow-soup.jpg?s=1024x1024&w=is&k=20&c=mZbuAr4_2G7xRGEd6wMv92pmTV3m0OC74bPPTNQqu-g=
73,Italian Stuffed Peppers,"Bell peppers, cooked rice, mozzarella cheese, parmesan cheese, onion, garlic, tomato, olive oil, salt, black pepper, Italian herbs (oregano, basil)",Italian,veg,"Preheat oven to 200C. Cut the tops off bell peppers and remove seeds. Heat olive oil in a pan, saut chopped onion and garlic until translucent. Add diced tomato, cooked rice, salt, pepper, and Italian herbs. Mix well. Stuff the mixture into bell peppers, top with mozzarella and parmesan cheese. Place peppers in a baking dish and bake for 20 to 25 minutes until tender and cheese is melted. Serve hot.",35,Medium,Dinner,330,Images/Italian Food.jpg
74,Chicken Piccata,"Chicken breast, garlic, lemon juice, olive oil, butter, flour, chicken stock, capers (optional), salt, black pepper, parsley",Italian,non-veg,"Pound chicken breast to even thickness and season with salt and pepper. Lightly coat chicken in flour. Heat olive oil and butter in a pan on medium heat. Pan-fry chicken until golden brown and cooked through. Remove and keep warm. In the same pan, saut minced garlic briefly. Add lemon juice, chicken stock, and capers. Simmer for 23 minutes. Return chicken to the pan and coat with sauce. Garnish with chopped parsley and serve hot.",30,Medium,Dinner,400,Images/Italian Food.jpg
75,Veg Fried Rice,"Cooked rice, carrot, peas, beans, bell pepper, garlic, spring onion, soy sauce, vegetable oil, salt, black pepper",Chinese,veg,"Heat oil in a wok on high heat. Add minced garlic and saut until fragrant. Add chopped carrot, peas, beans, and bell pepper. Stir-fry for 23 minutes until vegetables are tender-crisp. Add cooked rice, soy sauce, salt, and black pepper. Toss well on high heat for 23 minutes. Garnish with chopped spring onion and serve hot.",20,Easy,Lunch,250,https://media.istockphoto.com/id/1292618457/photo/healthy-and-tasty-veg-fried-rice-made-of-mixed-veggies-served-in-bowl-over-a-rustic-wooden.jpg?s=1024x1024&w=is&k=20&c=ehbTO6Pj5OHb6oqw75rR5MHSNitpiFGZM2v0QF00VeM=
76,Szechuan Vegetables,"Carrot, beans, bell pepper, garlic, ginger, spring onion, soy sauce, vinegar, chili paste, vegetable oil, salt, black pepper",Chinese,veg,"Heat oil in a wok on high heat. Add minced garlic and ginger, saut briefly. Add chopped carrot, beans, and bell pepper. Stir-fry for 34 minutes until tender-crisp. Mix soy sauce, vinegar, chili paste, salt, and black pepper in a small bowl. Pour sauce over vegetables and stir-fry for 2 more minutes until coated. Garnish with spring onion and serve hot.",25,Medium,Dinner,250,Images/Chinese Food.jpg
77,Italian Baked Ziti,"Ziti pasta, tomato sauce, mozzarella cheese, parmesan cheese, onion, garlic, olive oil, basil, salt, black pepper",Italian,veg,"Preheat oven to 200C. Boil ziti pasta until al dente, drain and set aside. Heat olive oil in a pan. Sauteee chopped onion and garlic until translucent. Add tomato sauce, salt, black pepper, and basil. Simmer for 57 minutes. Mix cooked pasta with sauce and half of the mozzarella cheese. Transfer to a baking dish, top with remaining mozzarella and parmesan. Bake for 20 to 25 minutes until bubbly and golden. Serve hot.",40,Medium,Dinner,430,Images/Italian Food.jpg
78,Chicken Lasagna,"Lasagna sheets, chicken breast, tomato sauce, mozzarella cheese, parmesan cheese, onion, garlic, olive oil, salt, black pepper, Italian herbs (oregano, basil)",Italian,non-veg,"Preheat oven to 200C. Boil lasagna sheets as per instructions. Heat olive oil in a pan, saut chopped onion and garlic until soft. Add diced chicken, season with salt, black pepper, and Italian herbs, cook until done. Layer a baking dish with sauce, lasagna sheets, chicken mixture, and mozzarella cheese. Repeat layers and finish with parmesan on top. Bake for 3035 minutes until golden. Serve hot.",50,Medium,Dinner,580,Images/Italian Food.jpg
79,Garlic Mushroom Pasta,"Pasta, mushrooms, garlic, olive oil, parmesan cheese, butter, salt, black pepper, parsley",Italian,veg,"Boil pasta until al dente, drain, and set aside. Heat olive oil and a small amount of butter in a pan. Sauteee minced garlic until fragrant. Add sliced mushrooms and cook until tender and slightly browned. Toss in cooked pasta, add salt, black pepper, and parmesan cheese. Mix well. Garnish with chopped parsley and serve warm.",25,Easy,Lunch,430,Images/Italian Food.jpg
80,Hot and Sour Soup,"Tofu, mushrooms, carrot, cabbage, garlic, ginger, soy sauce, vinegar, chili paste, cornflour, vegetable stock, sesame oil, salt, black pepper, spring onion",Chinese,veg,"Heat vegetable stock in a pot. Add minced garlic and ginger, saut briefly. Add sliced mushrooms, carrot, and cabbage. Boil for 57 minutes until vegetables are tender. Mix soy sauce, vinegar, chili paste, and cornflour slurry. Pour into soup, stirring to thicken. Add cubed tofu and simmer for 23 minutes. Season with salt and black pepper. Drizzle sesame oil, garnish with chopped spring onion, and serve hot.",30,Medium,Lunch,170,https://media.istockphoto.com/id/1331132332/photo/vegetable-manchow-soup.jpg?s=1024x1024&w=is&k=20&c=mZbuAr4_2G7xRGEd6wMv92pmTV3m0OC74bPPTNQqu-g=
81,Chicken Hot and Sour Soup,"Chicken breast, mushrooms, carrot, cabbage, garlic, ginger, soy sauce, vinegar, chili paste, cornflour, chicken stock, sesame oil, salt, black pepper, spring onion",Chinese,non-veg,"Heat chicken stock in a pot and bring to a boil. Add minced garlic and ginger and saut briefly. Add sliced mushrooms, carrot, and cabbage. Boil until vegetables are tender. Mix soy sauce, vinegar, chili paste, and cornflour slurry. Pour into soup, stirring to thicken. Add shredded cooked chicken and simmer for 23 minutes. Season with salt and black pepper, drizzle sesame oil, garnish with chopped spring onion, and serve hot.",30,Medium,Lunch,320,https://media.istockphoto.com/id/1333237441/photo/hot-and-sour-soup.jpg?s=1024x1024&w=is&k=20&c=FHAebmIZGZ-7JEn14PnZhZiW-OVBywgwVGRAGnqvkiU=
82,Italian Chicken Stew,"Chicken pieces, tomato, onion, garlic, olive oil, carrots, celery, potatoes, chicken stock, salt, black pepper, Italian herbs (oregano, basil, thyme)",Italian,non-veg,"Heat olive oil in a large pot. Sauteee chopped onion and garlic until translucent. Add chicken pieces and brown lightly on all sides. Add chopped tomato, carrots, celery, and potatoes. Pour in chicken stock. Season with salt, pepper, and Italian herbs. Simmer on low heat for 3040 minutes until chicken is tender and vegetables are cooked. Serve hot with bread or over rice.",45,Medium,Dinner,400,Images/Italian Food.jpg
83,Veg Spring Roll Bowl,"Cabbage, carrot, bell pepper, garlic, ginger, cooked noodles, soy sauce, sesame oil, spring onion, vegetable oil, salt, black pepper",Chinese,veg,"Heat vegetable oil in a wok. Sauteee minced garlic and ginger until fragrant. Add chopped cabbage, carrot, and bell pepper. Stir-fry for 34 minutes until tender-crisp. Add cooked noodles, soy sauce, sesame oil, salt, and black pepper. Toss well to combine. Garnish with chopped spring onion and serve hot in a bowl.",20,Easy,Snack,250,Images/Chinese Snacks.jpg
84,Lemon Garlic Pasta,"Pasta, garlic, lemon juice, lemon zest, olive oil, parmesan cheese, salt, black pepper, parsley",Italian,veg,"Boil pasta until al dente, drain, and set aside. Heat olive oil in a pan, saut minced garlic until fragrant. Add cooked pasta, lemon juice, and lemon zest. Toss to combine. Season with salt and black pepper. Add parmesan cheese, mix well, and garnish with chopped parsley. Serve warm.",20,Easy,Lunch,430,Images/Italian Food.jpg
85,Chicken Garlic Noodles,"Noodles, chicken breast, garlic, soy sauce, oyster sauce, spring onion, vegetable oil, carrot, bell pepper, salt, black pepper",Chinese,non-veg,"Cook noodles until al dente, drain, and set aside. Heat vegetable oil in a wok on high heat. Add minced garlic and saut briefly. Add sliced chicken and cook until done. Add julienned carrot and bell pepper, stir-fry for 23 minutes. Add noodles, soy sauce, oyster sauce, salt, and black pepper. Toss everything well for 23 minutes. Garnish with chopped spring onion and serve hot.",25,Easy,Lunch,400,https://images.unsplash.com/photo-1741243412484-558eb91fe8c7?q=80&w=387&auto=format&fit=crop&ixlib=rb-4.1.0&ixid=M3wxMjA3fDB8MHxwaG90by1wYWdlfHx8fGVufDB8fHx8fA%3D%3D
86,Italian Veg Wrap,"Flatbread, bell pepper, zucchini, carrot, onion, spinach, mozzarella cheese, olive oil, salt, black pepper",Italian,veg,"Slice all vegetables thinly. Heat olive oil in a pan and saut vegetables for 34 minutes until tender-crisp. Warm flatbread on a separate pan. Place sauted vegetables on the flatbread, sprinkle mozzarella cheese. Fold or roll tightly, press lightly, and grill for 23 minutes until flatbread is warm and cheese melts. Serve warm.",20,Easy,Snack,330,Images/Italian Snacks.jpg
87,Chicken Milanese,"Chicken breast, breadcrumbs, parmesan cheese, flour, egg, olive oil, salt, black pepper, lemon wedges",Italian,non-veg,"Pound chicken breast to even thickness. Season with salt and black pepper. Dredge chicken in flour, dip in beaten egg, and coat with breadcrumbs mixed with parmesan cheese. Heat olive oil in a pan on medium heat. Pan-fry chicken until golden brown and cooked through on both sides. Serve hot with lemon wedges.",30,Medium,Dinner,480,Images/Italian Food.jpg
88,Veg Chili Garlic,"Carrot, beans, bell pepper, broccoli, garlic, ginger, soy sauce, chili sauce, sesame oil, vegetable oil, spring onion, salt, black pepper",Chinese,veg,"Heat vegetable oil in a wok. Sauteee minced garlic and ginger until fragrant. Add chopped vegetables and stir-fry on high heat for 34 minutes until tender-crisp. Add soy sauce, chili sauce, salt, and black pepper. Toss well for 23 minutes. Drizzle sesame oil, garnish with spring onion, and serve hot.",20,Easy,Dinner,250,Images/Chinese Food.jpg
89,Italian Creamy Mushroom,"Mushrooms, garlic, olive oil, butter, heavy cream, parmesan cheese, salt, black pepper, parsley",Italian,veg,"Heat olive oil and butter in a pan. Sauteee minced garlic until fragrant. Add sliced mushrooms and cook until tender and slightly browned. Pour in heavy cream and simmer for 34 minutes until slightly thickened. Add parmesan cheese, salt, and black pepper. Mix well and garnish with chopped parsley. Serve hot.",30,Medium,Dinner,330,Images/Italian Food.jpg
90,Chicken Szechuan Noodles,"Noodles, chicken breast, garlic, ginger, soy sauce, chili sauce, spring onion, vegetable oil, carrot, bell pepper, salt, black pepper",Chinese,non-veg,"Cook noodles until al dente, drain, and set aside. Heat vegetable oil in a wok on high heat. Sauteee minced garlic and ginger briefly. Add sliced chicken and cook until fully done. Add julienned carrot and bell pepper, stir-fry for 23 minutes. Add noodles, soy sauce, chili sauce, salt, and black pepper. Toss well on high heat until noodles are coated and hot. Garnish with chopped spring onion and serve hot.",30,Medium,Lunch,400,https://images.unsplash.com/photo-1741243412484-558eb91fe8c7?q=80&w=387&auto=format&fit=crop&ixlib=rb-4.1.0&ixid=M3wxMjA3fDB8MHxwaG90by1wYWdlfHx8fGVufDB8fHx8fA%3D%3D
91,Veg Dumpling Soup,"Vegetable dumplings, garlic, ginger, spring onion, soy sauce, vegetable stock, sesame oil, salt, black pepper",Chinese,veg,"Heat vegetable stock in a pot and bring to a boil. Add minced garlic and ginger, saut briefly. Add vegetable dumplings and simmer until dumplings are cooked through. Season with soy sauce, salt, and black pepper. Drizzle sesame oil, garnish with chopped spring onion, and serve hot.",25,Easy,Snack,170,Images/Chinese Snacks.jpg
92,Italian Tomato Bruschetta,"Bread slices, tomatoes, garlic, olive oil, basil leaves, salt, black pepper",Italian,veg,"Toast bread slices until golden brown. Finely chop tomatoes and garlic. Mix with olive oil, salt, black pepper, and chopped basil. Spread the tomato mixture evenly on toasted bread and serve fresh immediately.",15,Easy,Breakfast,250,Images/Italian Breakfast.jpg
93,Chicken Bruschetta,"Bread slices, cooked chicken breast, tomatoes, garlic, olive oil, basil leaves, salt, black pepper",Italian,non-veg,"Toast bread slices until golden. Chop cooked chicken and tomatoes. Mix with minced garlic, olive oil, salt, black pepper, and chopped basil. Top each toasted bread slice with the chicken-tomato mixture and serve warm.",20,Easy,Breakfast,400,https://media.istockphoto.com/id/954487780/photo/tasty-crunchy-italian-snack-bruschetta-with-grilled-chicken-gar.jpg?s=1024x1024&w=is&k=20&c=urnvdkHIvAsv9FVT7oU6HvO8ztx8ug21GM27qVwvP4g=
94,Veg Garlic Rice,"Cooked rice, garlic, vegetable oil, salt, black pepper, spring onion",Chinese,veg,Heat vegetable oil in a pan. Sauteee minced garlic until fragrant. Add cooked rice and toss well to combine. Season with salt and black pepper. Garnish with chopped spring onion and serve hot.,15,Easy,Lunch,250,https://media.istockphoto.com/id/1292618457/photo/healthy-and-tasty-veg-fried-rice-made-of-mixed-veggies-served-in-bowl-over-a-rustic-wooden.jpg?s=1024x1024&w=is&k=20&c=ehbTO6Pj5OHb6oqw75rR5MHSNitpiFGZM2v0QF00VeM=
95,Italian Spinach Pasta,"Pasta, fresh spinach, garlic, olive oil, parmesan cheese, salt, black pepper",Italian,veg,"Boil pasta until al dente, drain, and set aside. Heat olive oil in a pan, saut minced garlic until fragrant. Add fresh spinach and cook until wilted. Toss cooked pasta with spinach and garlic oil. Season with salt, black pepper, sprinkle parmesan cheese, and serve warm.",25,Easy,Lunch,430,Images/Italian Food.jpg
96,Chicken Spinach Pasta,"Pasta, chicken breast, fresh spinach, garlic, olive oil, parmesan cheese, salt, black pepper",Italian,non-veg,"Boil pasta until al dente, drain, and set aside. Heat olive oil in a pan, saut minced garlic. Add diced chicken and cook until fully done. Add fresh spinach and cook until wilted. Toss pasta with chicken and spinach. Season with salt and black pepper, sprinkle parmesan cheese, and serve hot.",30,Medium,Lunch,580,Images/Italian Food.jpg
97,Veg Szechuan Rice,"Cooked rice, carrot, beans, bell pepper, garlic, soy sauce, chili sauce, sesame oil, vegetable oil, salt, black pepper",Chinese,veg,"Heat vegetable oil in a wok. Sauteee minced garlic until fragrant. Add chopped carrot, beans, and bell pepper, stir-fry on high heat for 34 minutes. Add cooked rice, soy sauce, chili sauce, salt, and black pepper. Toss everything together on high heat for 23 minutes. Drizzle sesame oil and serve hot.",20,Easy,Lunch,250,Images/Chinese Food.jpg
98,Italian Veg Casserole,"Zucchini, bell pepper, carrot, broccoli, olive oil, mozzarella cheese, parmesan cheese, salt, black pepper, Italian herbs",Italian,veg,"Preheat oven to 200C. Chop all vegetables into bite-sized pieces. Toss vegetables with olive oil, salt, black pepper, and Italian herbs. Layer vegetables in a baking dish. Sprinkle mozzarella and parmesan cheese on top. Bake for 20 to 25 minutes until vegetables are tender and cheese is golden. Serve hot.",40,Medium,Dinner,330,Images/Italian Food.jpg
99,Chicken Veg Stir Fry,"Chicken breast, carrot, bell pepper, broccoli, garlic, ginger, soy sauce, vegetable oil, salt, black pepper, spring onion",Chinese,non-veg,"Heat vegetable oil in a wok on high heat. Sauteee minced garlic and ginger until fragrant. Add diced chicken and cook until fully done. Add chopped vegetables and stir-fry for 34 minutes until tender-crisp. Add soy sauce, salt, and black pepper. Toss everything for 23 minutes. Garnish with spring onion and serve hot.",25,Easy,Dinner,400,Images/Chinese Food.jpg
100,Italian Mixed Grill Veg,"Zucchini, bell pepper, mushrooms, olive oil, garlic, salt, black pepper, rosemary, thyme",Italian,veg,"Preheat grill or oven to 200C. Slice zucchini, bell pepper, and mushrooms. Toss vegetables with olive oil, minced garlic, salt, black pepper, rosemary, and thyme. Grill vegetables until tender and lightly charred, about 1015 minutes. Serve hot.",30,Easy,Dinner,250,Images/Italian Food.jpg
105,Rajma Masala,"Kidney beans, onion, tomato, ginger garlic paste, oil, cumin seeds, spices, salt",Indian,veg,Soak kidney beans overnight and pressure cook until soft. Heat oil in a pan and add cumin seeds. Add onions and saut until golden. Add ginger garlic paste and cook briefly. Add tomato puree and spices. Cook until oil separates. Add cooked rajma and simmer for 15 minutes. Serve hot with rice.,45,Medium,Lunch,410,Images/Indian Lunch.jpg
107,Vegetable Biryani,"Basmati rice, carrot, beans, peas, onion, yogurt, spices, oil, mint, salt",Indian,veg,Cook rice until 70% done and keep aside. Heat oil and saut onions until golden. Add vegetables and spices. Add yogurt and cook briefly. Layer rice and vegetable mixture. Cover and cook on low heat for 15 minutes. Serve hot.,50,Medium,Lunch,460,Images/Indian Lunch.jpg
108,Grilled Chicken Salad,"Chicken breast, lettuce, tomato, cucumber, olive oil, lemon juice, salt, pepper",Continental,non-veg,"Marinate chicken with salt, pepper, olive oil, and lemon juice. Grill chicken until cooked and slice thinly. Chop vegetables and place in a bowl. Add grilled chicken on top. Toss lightly and serve fresh.",25,Easy,Lunch,350,Images/Cont Lunch.jpg
109,Paneer Pulao,"Basmati rice, paneer, onion, peas, cumin seeds, oil, garam masala, salt",Indian,veg,"Heat oil and add cumin seeds. Add onions and saut until light brown. Add paneer cubes and peas and saut briefly. Add rice, garam masala, salt, and water. Cook covered on low heat until rice is fully cooked. Serve hot.",35,Easy,Lunch,400,https://media.istockphoto.com/id/1197995878/photo/vegetarian-paneer-biryani-or-panir-pulav-popular-indian-food.jpg?s=1024x1024&w=is&k=20&c=7dK-jnLgVEaGbTBRtwaKiu4lDt9gIfVxbzYhyv-TeFY=
111,Vegetable Kung Pao,"Bell pepper, zucchini, carrot, peanuts, garlic, ginger, soy sauce, vinegar, oil, chili flakes",Chinese,veg,"Heat oil in a wok on high heat. Add chopped garlic and ginger and saut quickly. Add chopped vegetables and stir fry for 34 minutes until slightly tender. Add peanuts, soy sauce, vinegar, and chili flakes. Stir fry on high heat until vegetables are well coated with sauce. Serve hot with steamed rice.",25,Medium,Lunch,380,Images/Chinese Food.jpg
112,Mexican Chicken Rice Bowl,"Rice, chicken, bell pepper, onion, garlic, cumin powder, paprika, olive oil, salt",Mexican,non-veg,"Cook rice and keep aside. Heat olive oil in a pan and saut garlic and onion. Add chicken pieces and cook until browned. Add bell pepper, cumin powder, paprika, and salt. Cook until chicken is tender and vegetables are soft. Serve chicken mixture over rice as a bowl meal.",30,Easy,Lunch,480,https://media.istockphoto.com/id/2163190827/photo/rice-bowl-with-pulled-chicken-carnitas-cherry-tomatoes-avocado-peppers-close-up-horizontal.jpg?s=1024x1024&w=is&k=20&c=BRhbjtNLhe0SkiUM4_zmRlTfucWFaifCqBKl0DKxhwo=
113,Falafel Rice Plate,"Falafel balls, rice, cucumber, tomato, yogurt, garlic, olive oil, salt",Middle Eastern,veg,"Cook rice and keep warm. Prepare or reheat falafel until crisp. Mix yogurt with garlic and salt to make sauce. Arrange rice on a plate, add falafel, chopped cucumber and tomato. Drizzle yogurt sauce and olive oil on top. Serve fresh.",30,Easy,Lunch,420,Images/Middle Eastern Food.jpg
114,Grilled Fish with Vegetables,"Fish fillet, zucchini, carrot, olive oil, garlic, lemon juice, salt, pepper",Continental,non-veg,"Marinate fish with lemon juice, garlic, salt, and pepper for 15 minutes. Heat grill pan and brush with olive oil. Grill fish on both sides until cooked through. Grill vegetables separately until tender. Serve fish with grilled vegetables on the side.",35,Medium,Lunch,390,Images/Cont Lunch.jpg
115,Veg Burrito Bowl,"Rice, kidney beans, corn, bell pepper, onion, olive oil, cumin powder, salt",Mexican,veg,"Cook rice and keep aside. Heat olive oil and saut onion and bell pepper. Add cooked beans, corn, cumin powder, and salt. Cook for 5 minutes until well mixed. Serve vegetable mixture over rice in a bowl.",25,Easy,Lunch,410,Images/Mexican Food.jpg
116,Chicken Hakka Noodles,"Noodles, chicken, cabbage, carrot, garlic, soy sauce, oil, salt",Chinese,non-veg,"Boil noodles and drain. Heat oil in a wok and saut garlic. Add chicken strips and cook until fully done. Add vegetables and stir fry on high heat. Add noodles, soy sauce, and salt. Toss well and serve hot.",30,Easy,Lunch,470,https://plus.unsplash.com/premium_photo-1661432484710-90bd17326a97?q=80&w=1032&auto=format&fit=crop&ixlib=rb-4.1.0&ixid=M3wxMjA3fDB8MHxwaG90by1wYWdlfHx8fGVufDB8fHx8fA%3D%3D
117,Creamy Mushroom Rice,"Rice, mushrooms, onion, garlic, butter, cream, salt, pepper",Continental,veg,"Cook rice and keep aside. Heat butter in a pan and saut garlic and onion. Add sliced mushrooms and cook until soft. Add cream, salt, and pepper and simmer for 5 minutes. Mix in cooked rice and heat through. Serve warm.",35,Medium,Lunch,450,Images/Cont Lunch.jpg
118,Tuscan Herb Chicken with Rice,"Chicken thigh, rice, olive oil, garlic, rosemary, thyme, onion, salt, black pepper",Italian,non-veg,"Cook rice separately and keep warm. Heat olive oil in a pan and saut chopped garlic and onion until soft. Add chicken pieces, rosemary, thyme, salt, and black pepper. Cook chicken on medium heat until golden and fully cooked. Serve herb chicken over rice for a filling lunch.",40,Medium,Lunch,520,Images/Italian Food.jpg
119,Szechuan Eggplant with Rice,"Eggplant, garlic, ginger, soy sauce, chili paste, oil, sugar, spring onion",Chinese,veg,"Cut eggplant into long strips. Heat oil in a wok and fry eggplant until soft. Remove and keep aside. In the same wok saut garlic and ginger. Add chili paste, soy sauce, and sugar. Add eggplant back and toss until coated. Garnish with spring onion and serve with rice.",30,Medium,Lunch,410,Images/Chinese Food.jpg
120,Mexican Quinoa Veg Bowl,"Quinoa, black beans, corn, bell pepper, onion, olive oil, cumin powder, salt",Mexican,veg,"Cook quinoa according to package instructions. Heat olive oil and saut onion and bell pepper. Add black beans, corn, cumin powder, and salt. Cook for 5 minutes. Serve vegetable mixture over quinoa for a healthy lunch bowl.",30,Easy,Lunch,390,Images/Mexican Food.jpg
121,Middle Eastern Spiced Chicken Pilaf,"Chicken, basmati rice, onion, garlic, cinnamon, cumin, olive oil, salt",Middle Eastern,non-veg,"Heat olive oil and saut onion and garlic. Add chicken and cook until lightly browned. Add spices, salt, rice, and water. Cover and cook until rice and chicken are fully cooked. Fluff gently and serve hot.",45,Medium,Lunch,560,Images/Middle Eastern Food.jpg
122,Continental Herb Vegetable Casserole,"Potato, carrot, beans, cream, garlic, olive oil, mixed herbs, salt, pepper",Continental,veg,"Slice vegetables thinly. Heat olive oil and saut garlic briefly. Layer vegetables in a baking dish, season with salt, pepper, and herbs. Pour cream over vegetables and bake at 180C for 35 minutes until soft and golden.",45,Medium,Lunch,480,Images/Cont Lunch.jpg
123,Chicken Teriyaki Rice Bowl,"Chicken breast, rice, soy sauce, honey, garlic, oil, sesame seeds",Chinese,non-veg,"Cook rice and keep aside. Heat oil and cook chicken pieces until browned. Add garlic, soy sauce, and honey. Cook until sauce thickens and coats chicken. Serve over rice and garnish with sesame seeds.",35,Easy,Lunch,510,Images/Chinese Food.jpg
124,Italian Spinach Ricotta Pasta,"Pasta, spinach, ricotta cheese, garlic, olive oil, salt, pepper",Italian,veg,"Boil pasta until al dente. Heat olive oil and saut garlic. Add spinach and cook until wilted. Add ricotta, salt, and pepper. Mix in pasta and toss well. Serve warm.",30,Easy,Lunch,460,Images/Italian Food.jpg
125,Mexican Chipotle Chicken Bowl,"Chicken, rice, chipotle sauce, onion, garlic, oil, salt",Mexican,non-veg,Cook rice and set aside. Heat oil and saut garlic and onion. Add chicken and cook until done. Add chipotle sauce and salt. Simmer briefly and serve chicken over rice.,35,Medium,Lunch,530,Images/Mexican Food.jpg
126,Middle Eastern Vegetable Freekeh,"Freekeh wheat, onion, garlic, olive oil, carrot, cumin, salt",Middle Eastern,veg,Heat olive oil and saut onion and garlic. Add carrot and cumin. Add freekeh and water. Cook until grains are tender and fluffy. Season with salt and serve warm.,40,Medium,Lunch,420,Images/Middle Eastern Food.jpg
127,Continental Lemon Herb Chicken,"Chicken breast, lemon juice, garlic, olive oil, herbs, salt, pepper",Continental,non-veg,"Marinate chicken with lemon juice, garlic, herbs, salt, and pepper for 20 minutes. Grill or pan cook chicken until golden and cooked through. Serve with light salad or rice.",35,Easy,Lunch,390,Images/Cont Lunch.jpg
128,Chinese Black Pepper Tofu,"Tofu, bell pepper, garlic, soy sauce, black pepper, oil",Chinese,veg,Pan fry tofu cubes until golden. Remove and keep aside. Sauteee garlic and bell pepper. Add soy sauce and black pepper. Add tofu back and toss well. Serve hot with rice.,25,Easy,Lunch,360,Images/Chinese Food.jpg
129,Italian Mushroom Polenta,"Polenta, mushroom, garlic, olive oil, parmesan cheese, salt",Italian,veg,Cook polenta according to instructions. Heat olive oil and saut garlic and mushrooms. Season with salt. Serve mushrooms over creamy polenta and top with parmesan.,40,Medium,Lunch,470,Images/Italian Food.jpg
130,Mexican Vegetable Enchilada Bowl,"Tortilla strips, beans, bell pepper, onion, tomato sauce, cheese",Mexican,veg,Cook beans and vegetables with tomato sauce until thick. Layer tortilla strips and vegetable mixture in a bowl. Top with cheese and bake until melted. Serve hot.,35,Medium,Lunch,500,Images/Mexican Food.jpg
131,Italian Osso Buco Style Chicken,"Chicken thighs, onion, carrot, celery, garlic, tomato paste, olive oil, white wine, herbs, salt, pepper",Italian,non-veg,"Heat olive oil in a heavy pan and sear chicken thighs until deeply browned on both sides. Remove and keep aside. In the same pan saut onion, carrot, celery, and garlic until soft. Add tomato paste and cook until darkened. Deglaze with white wine and reduce slightly. Return chicken to pan, add herbs, salt, pepper, and enough water to partially cover. Cover and slow cook on low heat for 4550 minutes until chicken is very tender and sauce thickens. Serve with rice or mashed vegetables.",75,High,Lunch,620,Images/Italian Food.jpg
132,Chinese Five Spice Braised Tofu,"Firm tofu, garlic, ginger, soy sauce, five spice powder, sugar, oil, spring onion",Chinese,veg,"Cut tofu into thick slices and pan fry in oil until golden on both sides. Remove and keep aside. In the same pan saut garlic and ginger until aromatic. Add soy sauce, sugar, five spice powder, and water to create braising liquid. Add tofu back and simmer on low heat for 20 minutes, turning occasionally. Finish with spring onion and serve with steamed rice.",50,High,Lunch,440,Images/Chinese Food.jpg
133,Mexican Mole Chicken Bowl,"Chicken, dried chilies, cocoa powder, garlic, onion, tomato, oil, spices, rice",Mexican,non-veg,"Soak dried chilies in hot water until soft and grind with garlic, onion, tomato, and spices. Heat oil and cook chicken pieces until lightly browned. Remove and keep aside. Add mole sauce paste to the pan and cook slowly until thick and glossy. Return chicken to sauce and simmer on low heat for 30 minutes. Serve rich mole chicken over cooked rice.",80,High,Lunch,650,Images/Mexican Food.jpg
134,Middle Eastern Lamb and Rice Pilaf,"Lamb pieces, basmati rice, onion, garlic, cinnamon, cardamom, olive oil, salt",Middle Eastern,non-veg,"Heat olive oil and brown lamb pieces thoroughly. Remove and keep aside. In the same pot saut onion and garlic until golden. Add spices and rice and stir briefly. Return lamb to pot, add water, cover, and cook slowly until rice is fluffy and lamb is tender. Rest for 10 minutes before serving.",90,High,Lunch,700,Images/Middle Eastern Food.jpg
135,Continental Stuffed Chicken Roulade,"Chicken breast, spinach, cheese, garlic, olive oil, salt, pepper",Continental,non-veg,"Butterfly chicken breasts and flatten evenly. Prepare filling by sauting garlic and spinach until wilted, then cool and mix with cheese. Spread filling over chicken, roll tightly, and secure with thread. Sear roulades in olive oil, then finish cooking in oven at 180C for 25 minutes. Slice carefully and serve hot.",70,High,Lunch,560,Images/Cont Lunch.jpg
136,Italian Seafood Risotto,"Arborio rice, shrimp, squid, onion, garlic, olive oil, parmesan cheese, stock",Italian,non-veg,Heat olive oil and saut onion and garlic until soft. Add rice and toast lightly. Gradually add hot stock while stirring continuously. Halfway through cooking add seafood and continue adding stock until rice is creamy and cooked. Finish with parmesan cheese and rest for 5 minutes before serving.,75,High,Lunch,630,Images/Italian Food.jpg
137,Chinese Clay Pot Chicken Rice,"Chicken, rice, soy sauce, ginger, garlic, sesame oil, spring onion",Chinese,non-veg,"Marinate chicken with soy sauce, ginger, and garlic. Cook rice partially in a clay pot. Arrange marinated chicken on top of rice. Cover and cook on very low heat until rice absorbs chicken juices and forms crispy bottom. Drizzle sesame oil, garnish with spring onion, and serve hot.",85,High,Lunch,680,Images/Chinese Food.jpg
138,Vegetable Poha Cutlet,"Flattened rice, potato, onion, green chili, ginger, spices, oil, salt",Indian,veg,"Wash flattened rice and squeeze excess water. Mix with boiled mashed potato, chopped onion, green chili, ginger, salt, and spices. Shape into small patties. Heat oil in a pan and shallow fry until golden brown on both sides. Serve hot with chutney.",25,Easy,Snack,210,Images/Indian Snacks.jpg
139,Masala Corn Chaat,"Sweet corn, onion, tomato, lemon juice, chaat masala, salt, butter",Indian,veg,"Boil sweet corn until tender and drain. Heat butter in a pan and saut corn for 2 minutes. Add chopped onion, tomato, salt, and chaat masala. Mix well, finish with lemon juice, and serve warm.",15,Easy,Snack,180,Images/Indian Snacks.jpg
140,Paneer Sandwich Toast,"Bread, paneer, onion, green chili, butter, salt, pepper",Indian,veg,"Grate paneer and mix with chopped onion, green chili, salt, and pepper. Butter bread slices and spread paneer mixture evenly. Toast on a pan or grill until bread is crisp and filling is heated. Serve hot.",20,Easy,Snack,260,Images/Indian Snacks.jpg
141,Vegetable Samosa,"Flour, potato, peas, spices, oil, salt",Indian,veg,"Prepare dough using flour, oil, salt, and water and rest it. Cook potato and peas with spices to make filling. Roll dough, fill with mixture, shape samosas, and deep fry in medium-hot oil until crisp. Serve hot with chutney.",45,Medium,Snack,320,Images/Indian Snacks.jpg
142,Paneer Pakora,"Paneer, gram flour, spices, oil, salt",Indian,veg,"Prepare thick batter using gram flour, spices, salt, and water. Dip paneer slices into batter. Deep fry in hot oil until golden and crisp. Drain excess oil and serve hot.",30,Medium,Snack,300,Images/Indian Snacks.jpg
143,Aloo Tikki Chaat,"Potato, spices, yogurt, tamarind chutney, oil, salt",Indian,veg,Mash boiled potatoes with spices and salt. Shape into patties. Shallow fry until crisp. Top with yogurt and tamarind chutney. Serve immediately.,35,Medium,Snack,340,Images/Indian Snacks.jpg
144,Chicken Bread Roll,"Bread, chicken mince, onion, garlic, spices, oil, salt",Indian,non-veg,"Cook chicken mince with onion, garlic, and spices until dry. Flatten bread slices, fill with chicken mixture, roll tightly. Shallow fry until golden brown. Serve hot.",40,Medium,Snack,350,Images/Indian Snacks.jpg
145,Dahi Kachori,"Flour, lentils, spices, yogurt, chutneys, oil, salt",Indian,veg,"Prepare lentil filling with spices. Make dough, stuff with filling, and deep fry until crisp. Crush kachoris slightly and top with yogurt and chutneys. Serve fresh.",60,High,Snack,380,https://media.istockphoto.com/id/1226693912/photo/indian-traditional-spicy-food-item-dahivada-or-dahi-vada-served-in-a-bowl.jpg?s=1024x1024&w=is&k=20&c=-RQD4MvR6vuJE0-U8AYJcfteNZeoeQBvKNCJSwd9c94=
146,Chicken Seekh Kebab,"Chicken mince, onion, garlic, spices, oil, salt",Indian,non-veg,"Mix chicken mince with onion, garlic, spices, and salt. Shape onto skewers. Grill or pan cook with oil until evenly cooked and slightly charred. Serve hot.",50,High,Snack,400,Images/Indian Snacks.jpg
147,Vegetable Momos,"Flour, cabbage, carrot, garlic, oil, salt",Indian,veg,"Prepare dough with flour and water. Cook vegetable filling lightly with garlic and salt. Fill dough wrappers, shape momos, and steam until cooked. Serve hot with chutney.",55,High,Snack,260,Images/Indian Snacks.jpg
148,Chicken Momos,"Flour, chicken mince, garlic, onion, oil, salt",Indian,non-veg,Prepare dough and chicken filling. Fill wrappers and shape momos carefully. Steam for 1215 minutes until cooked through. Serve hot.,60,High,Snack,320,Images/Indian Snacks.jpg
149,Paneer Stuffed Kulcha,"Flour, paneer, onion, spices, butter, salt",Indian,veg,Prepare soft dough and paneer stuffing with spices. Stuff dough balls and roll gently. Cook on tawa with butter until golden spots appear. Serve hot.,45,High,Snack,360,Images/Indian Snacks.jpg
150,Chicken Cheese Balls,"Chicken mince, cheese, bread crumbs, spices, oil, salt",Indian,non-veg,Mix chicken mince with spices and salt. Stuff cheese cubes inside mixture and shape balls. Roll in breadcrumbs and deep fry until golden. Serve hot.,50,High,Snack,420,Images/Indian Snacks.jpg
151,Vegetable Cutlet Roll,"Vegetable cutlet, roti, onion, chutney, oil",Indian,veg,"Prepare vegetable cutlets and keep ready. Heat roti lightly on pan. Place cutlet, onion, and chutney on roti. Roll tightly and serve warm.",30,Medium,Snack,300,Images/Indian Snacks.jpg
152,Chicken Puff Pastry,"Puff pastry sheets, chicken, onion, spices, butter, salt",Indian,non-veg,Cook chicken with onion and spices until dry. Fill pastry sheets with mixture and seal edges. Bake at 180C for 25 minutes until puffed and golden. Serve hot.,55,High,Snack,450,Images/Indian Snacks.jpg
153,Vegetable Manchurian Balls,"Cabbage, carrot, flour, garlic, soy sauce, oil, salt",Chinese,veg,"Finely chop cabbage and carrot and squeeze out excess water. Mix with flour, salt, and garlic to form a soft mixture. Shape into small balls and deep fry in medium-hot oil until golden and crisp. Serve hot with soy or chili sauce.",30,Easy,Snack,290,Images/Chinese Snacks.jpg
154,Chicken Chilli Toast,"Bread, cooked chicken, garlic, soy sauce, oil, pepper",Chinese,non-veg,Finely chop cooked chicken and saut with garlic and soy sauce. Spread mixture evenly on bread slices. Toast on pan or oven until bread is crisp and topping is heated. Cut into pieces and serve hot.,20,Easy,Snack,310,Images/Chinese Snacks.jpg
155,Italian Cheese Garlic Bread,"Bread, garlic, butter, cheese, herbs",Italian,veg,Mix softened butter with garlic and herbs. Spread mixture on bread slices and top with grated cheese. Bake or toast until cheese melts and bread turns crisp. Serve warm.,15,Easy,Snack,280,Images/Italian Snacks.jpg
156,Italian Veg Panini,"Bread, zucchini, bell pepper, cheese, olive oil, salt",Italian,veg,Grill sliced vegetables with olive oil and salt. Place vegetables and cheese between bread slices. Grill or toast until bread is crisp and cheese melts. Serve warm.,25,Easy,Snack,320,Images/Italian Snacks.jpg
157,Mexican Veg Quesadilla,"Tortilla, cheese, onion, capsicum, oil, salt",Mexican,veg,Sauteee onion and capsicum lightly with oil and salt. Spread vegetables and cheese on tortilla. Fold and cook on pan until golden and cheese melts. Cut and serve hot.,20,Easy,Snack,330,Images/Mexican Food.jpg
158,Mexican Chicken Nachos,"Nachos, cooked chicken, cheese, jalapeno",Mexican,non-veg,Spread nachos on a baking tray. Top with shredded chicken and cheese. Bake until cheese melts completely. Add jalapenos and serve immediately.,20,Easy,Snack,380,Images/Mexican Food.jpg
159,Vegetable Cheese Croquettes,"Potato, cheese, bread crumbs, oil, salt",Continental,veg,Mash boiled potatoes with salt and cheese. Shape into small cylinders and coat with breadcrumbs. Deep fry until golden brown. Serve hot.,35,Easy,Snack,340,Images/Cont Snacks.jpg
160,Chicken Sausage Bites,"Chicken sausage, oil, herbs",Continental,non-veg,Slice chicken sausages into bite-sized pieces. Pan fry with oil and herbs until lightly crisp. Serve hot with dip.,15,Easy,Snack,300,Images/Cont Snacks.jpg
161,Falafel Balls,"Chickpeas, garlic, parsley, flour, oil, salt",Middle Eastern,veg,"Blend soaked chickpeas with garlic, parsley, salt, and flour. Shape into small balls. Deep fry until crisp and golden. Serve hot.",40,Easy,Snack,310,https://images.unsplash.com/photo-1637861004714-49fa0ccbb993?q=80&w=379&auto=format&fit=crop&ixlib=rb-4.1.0&ixid=M3wxMjA3fDB8MHxwaG90by1wYWdlfHx8fGVufDB8fHx8fA%3D%3D
162,Chicken Shawarma Wrap Bites,"Chicken, flatbread, garlic sauce, oil, spices",Middle Eastern,non-veg,Cook chicken with oil and spices until tender. Wrap chicken in flatbread with garlic sauce. Cut into small pieces and serve warm.,30,Easy,Snack,360,Images/Mid East Snacks.jpg
163,Crispy Honey Chilli Chicken Bites,"Chicken breast, cornflour, garlic, dry red chilli, honey, soy sauce, oil, salt",Chinese,non-veg,"Cut chicken into bite-sized pieces. Marinate with salt and cornflour. Deep fry chicken in hot oil until crisp and golden. Drain excess oil. In a pan, heat oil and saut garlic and dry red chilli until aromatic. Add soy sauce and honey, mix well. Toss fried chicken into the sauce. Cook on medium heat until evenly coated and glossy. Serve hot.",35,Medium,Snack,390,Images/Chinese Snacks.jpg
164,Vegetable Dragon Rolls,"Spring roll sheets, cabbage, carrot, garlic, soy sauce, oil",Chinese,veg,"Finely shred cabbage and carrot. Stir fry with garlic and soy sauce. Allow filling to cool completely. Place filling on spring roll sheets, roll tightly, and seal edges. Deep fry on medium heat until crisp and golden brown. Serve hot with chili dip.",40,Medium,Snack,330,Images/Chinese Snacks.jpg
165,Italian Arancini Rice Balls,"Cooked rice, cheese, breadcrumbs, olive oil, garlic, herbs",Italian,veg,"Mix cooked rice with garlic, herbs, and grated cheese. Shape mixture into small balls with cheese in the center. Roll balls in breadcrumbs evenly. Deep fry until golden and crisp. Drain excess oil and serve warm.",45,Medium,Snack,370,Images/Italian Snacks.jpg
166,Chicken Stuffed Italian Crostini,"Bread slices, cooked chicken, cheese, garlic, olive oil",Italian,non-veg,Toast bread slices lightly with olive oil. Mix shredded chicken with garlic and cheese. Spread mixture on toasted bread. Bake until topping is heated and cheese melts. Serve warm as finger food.,30,Medium,Snack,350,Images/Italian Snacks.jpg
167,Mexican Loaded Bean Nachos,"Nachos, kidney beans, onion, cheese, jalapeno",Mexican,veg,"Cook kidney beans with salt until soft and lightly mashed. Spread nachos on a baking tray. Top with beans, onion, jalapenos, and cheese. Bake until cheese melts and bubbles. Serve immediately.",30,Medium,Snack,410,Images/Mexican Food.jpg
168,Mexican Chicken Taquitos,"Tortilla, cooked chicken, cheese, oil, spices",Mexican,non-veg,Mix shredded chicken with spices and cheese. Fill tortillas with mixture and roll tightly. Secure with toothpicks if needed. Deep fry until crisp and golden. Serve hot with dip.,35,Medium,Snack,420,Images/Mexican Food.jpg
169,Cheese Stuffed Potato Skins,"Potatoes, cheese, butter, salt, pepper",Continental,veg,"Boil potatoes and cut in half. Scoop out center carefully. Fill potato skins with cheese, butter, salt, and pepper. Bake until cheese melts and skins are crisp. Serve hot.",40,Medium,Snack,360,Images/Cont Snacks.jpg
170,Chicken Popcorn Bites,"Chicken, flour, spices, oil",Continental,non-veg,Cut chicken into small cubes. Coat with flour and spices evenly. Deep fry in hot oil until crisp and cooked through. Drain excess oil and serve hot.,30,Medium,Snack,400,Images/Cont Snacks.jpg
171,Falafel Stuffed Pita Pockets,"Falafel balls, pita bread, lettuce, tahini sauce",Middle Eastern,veg,Warm pita bread and cut open to form pockets. Place falafel balls inside with lettuce. Drizzle with tahini sauce evenly. Serve warm.,30,Medium,Snack,380,Images/Mid East Snacks.jpg
172,Middle Eastern Chicken Kibbeh,"Minced chicken, bulgur wheat, spices, oil",Middle Eastern,non-veg,Soak bulgur wheat and drain excess water. Mix with minced chicken and spices thoroughly. Shape into oval croquettes. Deep fry until crisp and cooked inside. Serve hot.,45,Medium,Snack,420,Images/Mid East Snacks.jpg
173,Italian Spinach Cheese Rolls,"Pastry sheets, spinach, cheese, olive oil",Italian,veg,"Cook spinach lightly and remove excess moisture. Mix with cheese and seasoning. Fill pastry sheets, roll tightly, and seal edges. Bake until golden and crisp. Serve warm.",40,Medium,Snack,360,Images/Italian Snacks.jpg
174,Chinese Stuffed Mushroom Caps,"Mushrooms, garlic, soy sauce, cheese",Chinese,veg,Remove stems from mushrooms and chop finely. Sauteee chopped stems with garlic and soy sauce. Stuff mixture into mushroom caps and top with cheese. Bake until mushrooms are tender and cheese melts. Serve hot.,35,Medium,Snack,310,Images/Chinese Snacks.jpg
175,Crispy Chilli Lotus Stem,"Lotus stem, cornflour, garlic, dry red chilli, soy sauce, vinegar, oil, salt",Chinese,veg,"Slice lotus stem thinly and soak in water. Drain and coat with cornflour and salt. Deep fry in hot oil until crisp and golden. Remove and drain excess oil. Heat oil in a pan, saut garlic and dry red chilli until fragrant. Add soy sauce and vinegar, mix well. Toss fried lotus stem until evenly coated. Serve hot as a crunchy snack.",35,Medium,Snack,320,Images/Chinese Snacks.jpg
176,Chicken Chive Dumpling Pancakes,"Minced chicken, chives, flour, garlic, soy sauce, oil",Chinese,non-veg,"Mix minced chicken with chopped chives, garlic, and soy sauce. Prepare soft dough using flour and water. Roll dough into small discs. Place filling inside, seal, and flatten gently. Pan-fry pancakes on medium heat until golden and cooked through. Serve hot with dipping sauce.",40,Medium,Snack,390,Images/Chinese Snacks.jpg
177,Italian Polenta Cheese Bites,"Polenta, cheese, butter, herbs, olive oil",Italian,veg,"Cook polenta until thick and smooth. Mix in butter, herbs, and grated cheese. Spread mixture into a tray and allow to set completely. Cut into bite-sized squares. Pan-fry or bake until crisp on the outside. Serve warm.",45,Medium,Snack,360,Images/Italian Snacks.jpg
178,Chicken Mozzarella Fritters,"Cooked chicken, mozzarella, breadcrumbs, egg, olive oil",Italian,non-veg,Combine shredded chicken with mozzarella and egg. Shape mixture into small patties. Coat evenly with breadcrumbs. Shallow fry until golden and crisp on both sides. Serve hot.,35,Medium,Snack,410,Images/Italian Snacks.jpg
179,Mexican Corn and Cheese Empanadas,"Flour, corn kernels, cheese, butter, spices, oil",Mexican,veg,"Prepare dough using flour and butter. Rest dough for 20 minutes. Mix corn, cheese, and spices for filling. Roll dough, fill, fold, and seal edges. Deep fry until golden and crisp. Serve hot.",45,Medium,Snack,380,Images/Mexican Food.jpg
180,Chicken Quesadilla Bites,"Tortilla, chicken, cheese, onion, oil",Mexican,non-veg,Cook chicken with onion until tender. Spread chicken and cheese on tortilla. Fold and cook on pan until crisp and cheese melts. Cut into bite-sized pieces and serve hot.,30,Medium,Snack,420,Images/Mexican Food.jpg
181,Herbed Mushroom Croquettes,"Mushrooms, potato, breadcrumbs, butter, herbs, oil",Continental,veg,Cook mushrooms and mash with boiled potato and herbs. Shape mixture into cylinders. Coat with breadcrumbs. Deep fry until crisp and golden. Serve hot.,40,Medium,Snack,350,Images/Cont Snacks.jpg
182,Chicken Stuffed Puff Pastry,"Puff pastry, chicken, onion, butter, herbs",Continental,non-veg,Cook chicken with onion and herbs until tender. Cut puff pastry into squares. Fill with chicken mixture and seal edges. Bake until pastry is golden and flaky. Serve warm.,45,Medium,Snack,430,Images/Cont Snacks.jpg
183,Cheese Sambousek,"Flour, cheese, butter, milk, oil",Middle Eastern,veg,"Prepare soft dough using flour, butter, and milk. Fill with cheese mixture and seal into crescents. Deep fry until golden brown. Serve hot.",40,Medium,Snack,370,Images/Mid East Snacks.jpg
184,Chicken Shawarma Pockets,"Chicken, pita bread, garlic, spices, oil",Middle Eastern,non-veg,Marinate chicken with garlic and spices. Cook on pan until tender and lightly charred. Fill warm pita bread with chicken. Serve hot.,35,Medium,Snack,420,Images/Mid East Snacks.jpg
185,Italian Zucchini Ricotta Fritters,"Zucchini, ricotta cheese, flour, egg, olive oil",Italian,veg,"Grate zucchini and squeeze excess water. Mix with ricotta, egg, and flour. Pan-fry spoonfuls until golden. Serve warm.",30,Medium,Snack,340,Images/Italian Snacks.jpg
186,Chinese Pepper Chicken Skewers,"Chicken, bell pepper, garlic, soy sauce, oil",Chinese,non-veg,Marinate chicken with garlic and soy sauce. Skewer chicken with bell peppers. Grill or pan fry until cooked and lightly charred. Serve hot.,35,Medium,Snack,390,Images/Chinese Snacks.jpg
187,Mexican Spinach Cheese Flautas,"Tortilla, spinach, cheese, oil",Mexican,veg,Cook spinach and mix with cheese. Fill tortillas and roll tightly. Deep fry until crisp. Serve hot.,30,Medium,Snack,360,Images/Mexican Food.jpg
188,Continental Baked Veg Cutlets,"Mixed vegetables, potato, breadcrumbs, herbs",Continental,veg,Mix mashed potato with cooked vegetables and herbs. Shape into patties and coat with breadcrumbs. Bake until golden on both sides. Serve warm.,40,Medium,Snack,330,Images/Cont Snacks.jpg
189,Middle Eastern Spiced Chicken Cubes,"Chicken, spices, garlic, olive oil",Middle Eastern,non-veg,"Marinate chicken with spices, garlic, and olive oil. Pan fry on medium heat until cooked and lightly crisp. Serve hot.",30,Medium,Snack,400,Images/Mid East Snacks.jpg
190,Italian Tomato Basil Bruschetta Cups,"Bread, tomato, basil, olive oil, garlic",Italian,veg,Cut bread into rounds and toast until crisp. Mix chopped tomato with basil and garlic. Spoon mixture onto bread cups. Serve fresh.,25,Medium,Snack,280,Images/Italian Snacks.jpg
191,Chinese Sesame Veg Fingers,"Mixed vegetables, flour, sesame seeds, oil",Chinese,veg,Mix vegetables with flour and seasoning. Shape into fingers and coat with sesame seeds. Deep fry until crisp. Serve hot.,35,Medium,Snack,340,Images/Chinese Snacks.jpg
192,Mexican Stuffed Jalapeno Poppers,"Jalapenos, cheese, breadcrumbs, oil",Mexican,veg,Slit jalapenos and remove seeds. Fill with cheese and coat with breadcrumbs. Deep fry until golden. Serve hot.,30,Medium,Snack,370,Images/Mexican Food.jpg
193,Continental Creamy Chicken Toast,"Bread, chicken, cream, butter",Continental,non-veg,Cook chicken in butter and cream until thick. Spread mixture on bread slices. Toast until golden. Serve warm.,25,Medium,Snack,410,Images/Cont Snacks.jpg
194,Middle Eastern Herb Cheese Balls,"Cheese, herbs, flour, oil",Middle Eastern,veg,Mix cheese with herbs and flour. Shape into small balls. Deep fry until golden brown. Serve hot.,30,Medium,Snack,360,Images/Mid East Snacks.jpg
195,Vegetable Oats Upma,"Oats, onion, carrot, peas, mustard seeds, curry leaves, oil, salt",Indian,veg,Dry roast oats lightly and keep aside. Heat oil in a pan and add mustard seeds and curry leaves. Add chopped onion and saut until soft. Add carrot and peas and cook for 2 to 3 minutes. Add water and salt and bring to a boil. Add roasted oats slowly while stirring continuously. Cook on low heat until mixture thickens. Serve hot.,20,Easy,Breakfast,280,Images/Indian Breakfast.jpg
196,Besan Chilla with Vegetables,"Gram flour, onion, tomato, green chilli, turmeric, oil, salt",Indian,veg,"Mix gram flour with water, turmeric, and salt to form a smooth batter. Add finely chopped onion, tomato, and green chilli. Heat a pan, pour batter, spread gently, drizzle oil, and cook until golden on both sides. Serve hot with chutney.",15,Easy,Breakfast,250,Images/Indian Breakfast.jpg
197,Vegetable Poha with Peanuts,"Flattened rice, onion, potato, peanuts, mustard seeds, oil, turmeric, salt",Indian,veg,Wash poha and drain excess water. Heat oil and add mustard seeds and peanuts. Add onion and potato and cook until soft. Add turmeric and salt. Add poha and mix gently. Cook for 3 to 4 minutes. Serve hot.,20,Easy,Breakfast,270,Images/Indian Breakfast.jpg
198,Vegetable Vermicelli Upma,"Vermicelli, onion, carrot, beans, mustard seeds, oil, salt",Indian,veg,Dry roast vermicelli until light golden. Heat oil and add mustard seeds. Add onion and vegetables and saut briefly. Add water and salt and bring to boil. Add vermicelli and cook until soft. Serve hot.,20,Easy,Breakfast,260,Images/Indian Breakfast.jpg
199,Paneer Stuffed Toast,"Bread, paneer, onion, green chilli, butter, spices",Indian,veg,"Mix grated paneer with onion, green chilli, and spices. Spread mixture on buttered bread slices. Toast on pan until crisp and golden. Serve hot.",15,Easy,Breakfast,300,Images/Indian Breakfast.jpg
200,Vegetable Masala Dosa,"Rice, lentils, potato, onion, spices, oil",Indian,veg,"Prepare fermented dosa batter. Cook potato with onion and spices to make masala. Spread batter on hot tawa, drizzle oil, place masala, fold, and cook until crisp. Serve hot with chutney.",35,Medium,Breakfast,380,Images/Indian Breakfast.jpg
201,Paneer Paratha,"Wheat flour, paneer, spices, oil",Indian,veg,"Prepare soft dough. Mix grated paneer with spices. Stuff filling inside dough balls, roll gently, and cook on tawa until golden. Serve hot.",30,Medium,Breakfast,420,Images/Indian Breakfast.jpg
202,Vegetable Uttapam,"Rice, lentils, onion, tomato, oil",Indian,veg,Pour thick batter on hot pan. Sprinkle chopped vegetables on top. Cook covered until base turns golden. Flip gently and cook briefly. Serve hot.,30,Medium,Breakfast,350,Images/Indian Breakfast.jpg
203,Moong Dal Chilla Stuffed with Paneer,"Moong dal, paneer, spices, oil",Indian,veg,"Soak moong dal and grind to smooth batter. Make chilla on pan. Add paneer filling, fold, and cook until crisp. Serve hot.",30,Medium,Breakfast,360,Images/Indian Breakfast.jpg
204,Rava Idli with Vegetables,"Semolina, curd, vegetables, fruit salt, oil",Indian,veg,"Mix semolina, curd, vegetables, and salt. Rest batter briefly. Add fruit salt and steam idlis until cooked. Serve hot.",35,Medium,Breakfast,310,Images/Indian Breakfast.jpg
205,Mysore Masala Dosa,"Rice, lentils, potato, red chutney, oil",Indian,veg,"Prepare dosa batter and spicy red chutney. Spread chutney on dosa, add potato masala, and cook until crisp. Serve hot.",40,High,Breakfast,420,Images/Indian Breakfast.jpg
206,Vegetable Handvo,"Rice, lentils, mixed vegetables, spices, oil",Indian,veg,Prepare fermented batter with vegetables and spices. Cook slowly in pan or bake until crust forms. Serve warm.,45,High,Breakfast,410,Images/Indian Breakfast.jpg
207,Methi Thepla,"Wheat flour, fenugreek leaves, spices, oil",Indian,veg,Knead dough with methi leaves and spices. Roll thin theplas. Cook on tawa with oil until golden. Serve hot.,35,High,Breakfast,390,Images/Indian Breakfast.jpg
208,Vegetable Stuffed Idiyappam,"Rice flour, vegetables, spices",Indian,veg,Prepare idiyappam dough and steam noodles. Prepare vegetable filling separately. Stuff and steam lightly again. Serve hot.,45,High,Breakfast,360,Images/Indian Breakfast.jpg
209,Vegetable Pesarattu,"Green gram, onion, ginger, oil",Indian,veg,"Soak green gram and grind with ginger. Spread batter on tawa, add onion topping, drizzle oil, and cook until crisp. Serve hot.",35,Medium,Breakfast,340,Images/Indian Breakfast.jpg
210,Curd Rice with Vegetables,"Rice, curd, carrot, oil, mustard seeds",Indian,veg,Cook rice and cool slightly. Mix with curd and salt. Prepare tempering with mustard seeds and oil. Add vegetables and mix. Serve chilled or warm.,20,Easy,Breakfast,300,Images/Indian Breakfast.jpg
212,Stuffed Rava Toast,"Semolina, curd, vegetables, bread, oil",Indian,veg,Prepare thick rava batter with vegetables. Spread on bread slices and toast until crisp. Serve hot.,20,Easy,Breakfast,290,Images/Indian Breakfast.jpg
213,Paneer Bhurji Sandwich,"Bread, paneer, onion, spices, butter",Indian,veg,Cook paneer with onion and spices. Fill mixture between buttered bread slices and toast. Serve hot.,20,Easy,Breakfast,340,Images/Indian Breakfast.jpg
214,Vegetable Khara Bath,"Semolina, vegetables, spices, ghee",Indian,veg,Roast semolina in ghee. Cook vegetables with spices. Add water and bring to boil. Add semolina and cook until thick. Serve hot.,30,Medium,Breakfast,360,Images/Indian Breakfast.jpg
215,Chinese Vegetable Steamed Buns,"All-purpose flour, cabbage, carrot, spring onion, garlic, soy sauce, oil, yeast, salt",Chinese,veg,"Prepare soft dough using flour, yeast, water, and salt and rest until doubled. Finely chop cabbage, carrot, spring onion, and garlic. Sauteee vegetables lightly with oil and soy sauce until moisture evaporates. Cool completely. Divide dough, stuff filling, seal properly, and rest for 10 minutes. Steam buns for 1215 minutes until fluffy. Serve hot.",45,High,Breakfast,360,Images/Chinese Breakfast.jpg
216,Chinese Vegetable Congee,"Rice, carrot, mushroom, ginger, soy sauce, sesame oil, salt",Chinese,veg,"Wash rice and cook with excess water until grains break down completely. Add finely chopped carrot, mushroom, and grated ginger. Simmer slowly until thick and porridge-like. Season with salt, soy sauce, and sesame oil. Serve hot.",30,Easy,Breakfast,250,Images/Chinese Breakfast.jpg
217,Chinese Scallion Pancake,"All-purpose flour, spring onion, oil, salt",Chinese,veg,"Knead soft dough using flour and water. Roll thin and brush with oil. Sprinkle chopped spring onions and salt. Roll, coil, flatten, and pan-fry until crisp. Cook on medium heat until golden on both sides. Serve hot.",30,Medium,Breakfast,330,Images/Chinese Breakfast.jpg
218,Italian Vegetable Frittata,"Eggs, zucchini, bell pepper, onion, olive oil, salt, black pepper",Italian,non-veg,Sauteee chopped vegetables in olive oil until soft. Beat eggs with salt and pepper. Pour eggs over vegetables and cook on low heat until set. Flip carefully or finish in oven. Serve warm.,25,Medium,Breakfast,380,Images/Italian Breakfast.jpg
219,Italian Ricotta Toast with Herbs,"Bread, ricotta cheese, olive oil, basil, salt, pepper",Italian,veg,"Toast bread slices until crisp. Spread ricotta generously. Drizzle olive oil and sprinkle chopped basil, salt, and pepper. Serve fresh.",10,Easy,Breakfast,290,Images/Italian Breakfast.jpg
220,Italian Breakfast Polenta with Vegetables,"Polenta, milk, zucchini, mushroom, olive oil, salt",Italian,veg,Cook polenta slowly in salted milk until creamy. Sauteee vegetables in olive oil until lightly browned. Top creamy polenta with vegetables and serve hot.,35,High,Breakfast,410,Images/Italian Breakfast.jpg
221,Mexican Veg Breakfast Burrito,"Tortilla, beans, bell pepper, onion, cheese, cumin, oil",Mexican,veg,"Sauteee onion and bell pepper with cumin. Add cooked beans and mash lightly. Warm tortilla, add filling, sprinkle cheese, roll tightly. Toast lightly on pan and serve hot.",25,Medium,Breakfast,420,Images/Mexican Food.jpg
222,Mexican Scrambled Eggs with Veggies,"Eggs, tomato, onion, chilli, oil, salt",Mexican,non-veg,"Sauteee onion, tomato, and chilli in oil. Add beaten eggs and scramble gently until just cooked. Season with salt and serve hot.",15,Easy,Breakfast,340,Images/Mexican Food.jpg
223,Mexican Chilaquiles Verde,"Tortilla chips, tomatillo sauce, cheese, onion, oil",Mexican,veg,Heat green sauce in pan. Add tortilla chips and toss gently. Top with cheese and onion. Cook briefly until chips soften slightly. Serve immediately.,25,High,Breakfast,450,Images/Mexican Food.jpg
224,Middle Eastern Shakshuka,"Eggs, tomato, bell pepper, onion, olive oil, cumin",Middle Eastern,non-veg,Cook onion and bell pepper in olive oil. Add tomato puree and spices. Simmer until thick. Make wells and crack eggs. Cover and cook until eggs are just set. Serve hot.,30,Medium,Breakfast,390,Images/Mid East Breakfast.jpg
225,Middle Eastern Labneh Toast,"Bread, labneh, olive oil, zaatar",Middle Eastern,veg,Toast bread slices. Spread labneh evenly. Drizzle olive oil and sprinkle zaatar. Serve fresh.,10,Easy,Breakfast,270,Images/Mid East Breakfast.jpg
226,Middle Eastern Falafel Breakfast Bowl,"Chickpeas, herbs, garlic, olive oil, spices",Middle Eastern,veg,Grind soaked chickpeas with herbs and spices. Shape into balls and fry until crisp. Serve with salad and hummus.,45,High,Breakfast,430,Images/Mid East Breakfast.jpg
227,Continental Vegetable Omelette,"Eggs, onion, bell pepper, butter, salt, pepper",Continental,non-veg,Beat eggs with salt and pepper. Sauteee vegetables in butter. Pour eggs and cook gently. Fold and serve hot.,15,Easy,Breakfast,360,Images/Cont Lunch.jpg
228,Continental Baked Breakfast Beans,"Beans, tomato sauce, garlic, olive oil",Continental,veg,Sauteee garlic in olive oil. Add beans and tomato sauce. Simmer gently and bake briefly until thick. Serve hot.,30,Medium,Breakfast,340,Images/Cont Lunch.jpg
229,Continental Croissant with Veg Filling,"Croissant, bell pepper, cheese, butter",Continental,veg,Slice croissant and lightly toast. Sauteee vegetables in butter. Fill croissant with vegetables and cheese. Bake briefly until cheese melts. Serve warm.,25,High,Breakfast,460,Images/Cont Lunch.jpg
230,Chinese Egg Drop Soup with Vegetables,"Eggs, carrot, spring onion, garlic, soy sauce, sesame oil, water, salt",Chinese,non-veg,"Bring water to a gentle boil and add minced garlic and chopped carrot. Simmer until vegetables soften. Lower heat and slowly drizzle beaten eggs while stirring gently. Season with soy sauce, salt, and sesame oil. Garnish with spring onion and serve hot.",20,Easy,Breakfast,260,Images/Chinese Breakfast.jpg
231,Chinese Vegetable Fried Rice Breakfast Bowl,"Cooked rice, carrot, beans, spring onion, garlic, oil, soy sauce",Chinese,veg,"Heat oil in a wok and saut garlic until aromatic. Add chopped vegetables and stir-fry on high heat until crisp-tender. Add rice and soy sauce, tossing continuously to avoid clumping. Garnish with spring onion and serve hot.",25,Medium,Breakfast,390,Images/Chinese Breakfast.jpg
232,Italian Spinach and Ricotta Omelette,"Eggs, spinach, ricotta cheese, olive oil, salt, black pepper",Italian,non-veg,"Sauteee spinach in olive oil until wilted. Beat eggs with salt and pepper. Pour eggs into pan, add ricotta, and cook on low heat until set. Fold gently and serve warm.",20,Medium,Breakfast,370,Images/Italian Breakfast.jpg
233,Italian Savory Breakfast Tart,"Pastry base, zucchini, onion, cheese, olive oil, salt",Italian,veg,"Preheat oven to 180C. Sauteee zucchini and onion until soft. Arrange vegetables over pastry base, sprinkle cheese and salt. Bake until crust is golden and filling is set. Cool slightly before serving.",40,High,Breakfast,430,Images/Italian Breakfast.jpg
234,Mexican Breakfast Quesadilla,"Tortilla, cheese, bell pepper, onion, oil",Mexican,veg,Sauteee bell pepper and onion lightly. Place filling and cheese between tortillas. Cook on hot pan until tortillas crisp and cheese melts. Cut and serve hot.,20,Easy,Breakfast,410,Images/Mexican Food.jpg
235,Mexican Huevos Rancheros,"Eggs, tortilla, tomato sauce, onion, oil",Mexican,non-veg,Heat tomato sauce with sauted onion. Fry eggs separately until sunny-side up. Warm tortillas and place eggs on top. Spoon hot sauce over eggs and serve immediately.,25,Medium,Breakfast,450,Images/Mexican Food.jpg
236,Middle Eastern Chickpea Breakfast Skillet,"Chickpeas, onion, garlic, olive oil, cumin, paprika",Middle Eastern,veg,Sauteee onion and garlic in olive oil. Add chickpeas and spices. Cook until chickpeas are lightly crisped. Serve hot with bread.,25,Easy,Breakfast,360,Images/Mid East Breakfast.jpg
237,Middle Eastern Eggplant Breakfast Mash,"Eggplant, garlic, olive oil, lemon juice, salt",Middle Eastern,veg,"Roast eggplant until soft. Scoop flesh and mash with garlic, olive oil, lemon juice, and salt. Serve warm with flatbread.",35,Medium,Breakfast,330,Images/Mid East Breakfast.jpg
238,Middle Eastern Stuffed Flatbread,"Flatbread dough, spinach, cheese, olive oil",Middle Eastern,veg,Prepare dough and rest. Stuff with spinach and cheese. Roll gently and cook on hot pan until golden on both sides. Serve warm.,45,High,Breakfast,420,Images/Mid East Breakfast.jpg
239,Continental Baked Vegetable Hash,"Potato, carrot, onion, olive oil, salt, pepper",Continental,veg,"Dice vegetables and toss with olive oil, salt, and pepper. Bake at 200C until crisp and golden. Serve hot.",35,Easy,Breakfast,380,Images/Cont Lunch.jpg
240,Continental Creamy Mushroom Toast,"Bread, mushroom, cream, butter, garlic",Continental,veg,Sauteee mushrooms and garlic in butter. Add cream and simmer gently. Spoon over toasted bread and serve warm.,25,Medium,Breakfast,440,Images/Cont Lunch.jpg
241,Continental Breakfast Casserole,"Bread, milk, egg, cheese, vegetables",Continental,non-veg,Layer bread and vegetables in baking dish. Whisk eggs and milk and pour over. Top with cheese and bake until set and golden.,45,High,Breakfast,480,Images/Cont Lunch.jpg
242,Continental Avocado Breakfast Toast,"Bread, avocado, olive oil, lemon juice, salt",Continental,veg,Mash avocado with lemon juice and salt. Spread over toasted bread. Drizzle olive oil and serve fresh.,10,Easy,Breakfast,310,Images/Cont Lunch.jpg
243,Continental Breakfast Veg Wrap,"Tortilla, scrambled eggs, vegetables, cheese",Continental,non-veg,"Scramble eggs lightly. Sauteee vegetables. Fill tortilla with eggs, vegetables, and cheese. Roll and toast lightly.",20,Medium,Breakfast,430,Images/Cont Lunch.jpg
244,Continental Breakfast Potato Rosti,"Potato, butter, salt, pepper",Continental,veg,Grate potatoes and squeeze excess moisture. Season and pan-fry in butter until crisp and golden on both sides. Serve hot.,30,High,Breakfast,400,Images/Cont Lunch.jpg
245,Vegetable Rava Uttapam,"Semolina, curd, onion, tomato, green chili, ginger, oil, salt",Indian,veg,"Mix semolina, curd, salt, and water to form a thick batter and rest for 15 minutes. Heat a pan and grease lightly with oil. Pour batter and spread gently. Top with chopped onion, tomato, green chili, and ginger. Cook on medium heat until base is golden, flip and cook other side. Serve hot with chutney.",30,Easy,Breakfast,360,Images/Indian Breakfast.jpg
246,Masala Vegetable Poha Cutlets,"Flattened rice, potato, onion, green peas, spices, oil",Indian,veg,"Soak poha briefly and drain. Mash boiled potato and peas. Mix poha with vegetables, spices, and salt. Shape into cutlets. Shallow fry on medium heat until crisp and golden on both sides. Serve hot.",35,Medium,Breakfast,410,Images/Indian Breakfast.jpg
247,Stuffed Vegetable Paratha,"Wheat flour, potato, carrot, spices, oil",Indian,veg,"Prepare dough using wheat flour and water. Mix grated vegetables with spices to make stuffing. Stuff dough balls, roll gently, and cook on hot tawa using oil until golden. Serve hot with curd.",40,Medium,Breakfast,450,Images/Indian Breakfast.jpg
248,South Indian Vegetable Pongal,"Rice, moong dal, carrot, pepper, cumin, ghee",Indian,veg,Dry roast rice and dal lightly. Cook with vegetables and water until soft. Temper ghee with cumin and crushed pepper and mix into pongal. Cook until creamy and serve hot.,35,Easy,Breakfast,380,Images/Indian Breakfast.jpg
249,Paneer Bhurji Toast,"Paneer, onion, tomato, bread, butter, spices",Indian,veg,Sauteee onion and tomato with spices. Add crumbled paneer and cook briefly. Spread mixture over toasted bread with butter and serve hot.,25,Easy,Breakfast,420,Images/Indian Breakfast.jpg
250,Vegetable Millet Dosa,"Millet batter, carrot, onion, oil",Indian,veg,Prepare fermented millet batter. Heat tawa and pour batter thinly. Sprinkle chopped vegetables and drizzle oil. Cook until crisp and golden. Serve hot with chutney.,30,Medium,Breakfast,340,Images/Indian Breakfast.jpg
251,Spiced Chickpea Breakfast Stir Fry,"Boiled chickpeas, onion, garlic, spices, oil",Indian,veg,Heat oil and saut garlic and onion. Add chickpeas and spices. Cook on medium heat until slightly crisp. Serve hot with lemon wedges.,25,Easy,Breakfast,370,Images/Indian Breakfast.jpg
252,Traditional Vegetable Thepla,"Wheat flour, fenugreek leaves, spices, oil",Indian,veg,"Mix flour, chopped fenugreek, spices, and oil to form soft dough. Roll thin and cook on tawa with oil until golden spots appear. Serve warm.",35,Medium,Breakfast,390,Images/Indian Breakfast.jpg
253,Stuffed Moong Dal Chilla,"Moong dal, paneer, onion, spices, oil",Indian,veg,"Soak and grind moong dal into batter. Prepare paneer-onion stuffing. Spread batter on pan, add stuffing, cover with batter, and cook until golden. Serve hot.",45,High,Breakfast,430,Images/Indian Breakfast.jpg
254,Classic Rice Kheer,"Basmati rice, milk, sugar, cardamom, cashews, raisins, ghee",Indian,veg,"Wash and soak rice for 20 minutes. Boil milk in a heavy-bottom pan and add drained rice. Cook on low heat, stirring frequently, until rice is soft and milk thickens. Add sugar and cardamom powder and mix well. Fry cashews and raisins in ghee and add to kheer. Simmer for 5 minutes and serve warm or chilled.",40,Easy,Dessert,320,https://media.istockphoto.com/id/1177578838/photo/rice-kheer-rice-pudding-chawal-ki-khir.jpg?s=1024x1024&w=is&k=20&c=vc1IIrwWwFfpo31p3Bh45d8K6-B6AEtg-KORNEQM-_M=
255,Suji Halwa,"Semolina, ghee, sugar, water, cardamom, cashews",Indian,veg,Heat ghee in a pan and roast semolina on low heat until aromatic and lightly golden. Boil water separately and carefully add to roasted semolina while stirring. Add sugar and cardamom and cook until mixture thickens. Garnish with fried cashews and serve hot.,25,Easy,Dessert,410,https://media.istockphoto.com/id/1328118094/photo/semolina-banana-pudding-a-fluffy-indian-pudding-made-of-semolina-ghee-sugar-bananas-and.jpg?s=1024x1024&w=is&k=20&c=ifs-3ZpPPxzh_brSMpxUqQLJv9NQ7naJnnu_j1VcW6k=
256,Coconut Ladoo,"Desiccated coconut, condensed milk, cardamom, ghee",Indian,veg,"Heat ghee in a pan and add desiccated coconut. Roast lightly on low heat. Add condensed milk and cardamom and cook until mixture thickens. Cool slightly, shape into small ladoos, and serve.",20,Easy,Dessert,360,Images/Indian Desserts.jpg
257,Gajar Ka Halwa,"Carrot, milk, sugar, ghee, cardamom, cashews",Indian,veg,Heat ghee in a pan and saut grated carrot until soft. Add milk and cook on medium heat until milk reduces completely. Add sugar and cardamom and cook until halwa thickens. Garnish with fried cashews and serve warm.,45,Medium,Dessert,420,https://media.istockphoto.com/id/1208754471/photo/gajar-ka-halwa.jpg?s=1024x1024&w=is&k=20&c=bS1tDrUJ82TCtAeQPrtTb_JgJqb-cmHSEHR0ZU_mZGg=
258,Besan Ladoo,"Gram flour, ghee, powdered sugar, cardamom",Indian,veg,"Heat ghee and roast gram flour on very low heat until deep golden and aromatic. Allow to cool slightly, then add powdered sugar and cardamom. Mix well and shape into ladoos while warm.",35,Medium,Dessert,390,https://media.istockphoto.com/id/1909959228/photo/moong-dal-laddu-a-protein-rich-indian-sweet-ball-made-of-lentils-almonds-and-jaggery-as.jpg?s=1024x1024&w=is&k=20&c=USamDr9Q8RzZtztxYSphfwHAcPF-tTMiC3y4lCTRDX0=
259,Shrikhand,"Thick curd, powdered sugar, cardamom, saffron",Indian,veg,Tie curd in muslin cloth and hang for 6 hours to remove whey. Whisk thickened curd with powdered sugar until smooth. Add cardamom and soaked saffron. Chill and serve.,30,Medium,Dessert,300,https://media.istockphoto.com/id/978402772/photo/shrikhand-or-srikhand-is-an-indian-dessert-made-of-strained-yogurt-garnished-with-dry-fruits.jpg?s=1024x1024&w=is&k=20&c=_kvO8aJSpsZDSax3flfsOeGXMhV0KPF4nnrtbMXo7e0=
260,Mysore Pak,"Gram flour, ghee, sugar, water",Indian,veg,"Prepare sugar syrup to one-string consistency. Mix gram flour with melted ghee and add gradually to syrup while stirring. Cook on low heat until mixture thickens and leaves sides. Pour into greased tray, cool slightly, cut, and serve.",45,High,Dessert,480,Images/Indian Desserts.jpg
261,Rasmalai,"Milk, lemon juice, sugar, cardamom, saffron",Indian,veg,Boil milk and curdle using lemon juice. Strain and knead chenna until smooth. Shape into discs and cook in sugar syrup. Prepare thickened saffron milk and soak cooked discs. Chill and serve.,60,High,Dessert,350,https://media.istockphoto.com/id/515853026/photo/traditional-rasmalai-or-ras-malai-indian-dessert-bengali-sweet.jpg?s=1024x1024&w=is&k=20&c=gSOKfjR5dKCrePmLwfhFLDkCpYIL6QjlzUM7jo113ZA=
262,Malpua,"Flour, milk, sugar, fennel seeds, ghee",Indian,veg,"Prepare batter using flour, milk, sugar, and fennel seeds. Rest for 30 minutes. Heat ghee and pour batter to form pancakes. Fry until golden and crisp. Serve warm.",40,Medium,Dessert,450,Images/Indian Desserts.jpg
263,Baked Sandesh,"Paneer, powdered sugar, cardamom",Indian,veg,Knead paneer until smooth. Mix powdered sugar and cardamom. Shape into discs and bake at 180C for 10 to 12 minutes until lightly set. Cool and serve.,35,High,Dessert,330,Images/Indian Desserts.jpg
264,Classic Churros,"Flour, water, butter, sugar, cinnamon, oil",Mexican,veg,"Heat water, butter, and sugar in a saucepan until butter melts and mixture boils. Reduce heat and add flour at once, stirring continuously until a smooth dough forms and leaves the sides of the pan. Remove from heat and let dough cool for 5 minutes. Transfer to piping bag with star nozzle. Heat oil to 180C. Pipe strips of dough directly into hot oil. Fry until golden brown and crisp, about 34 minutes. Drain excess oil. Roll churros in cinnamon sugar and serve warm.",35,Medium,Dessert,420,https://media.istockphoto.com/id/2154912399/photo/churros-with-hot-chocolate-sauce-sugar-and-cinnamon.jpg?s=1024x1024&w=is&k=20&c=mUYE-YRrtScnnTE7FNiAtzkLS-qkU0YhLavvnSn2wCw=
265,New York Cheesecake,"Cream cheese, biscuit base, butter, sugar, egg, vanilla",Continental,veg,"Mix crushed biscuits with melted butter and press firmly into a springform pan. Chill for 20 minutes. Beat cream cheese until smooth. Add sugar and vanilla and mix well. Add eggs one at a time, mixing gently to avoid air bubbles. Pour filling over base. Bake at 160C for 55 to 60 minutes until edges are set and center slightly jiggles. Turn off oven, leave door slightly open, and cool cheesecake inside. Refrigerate for at least 4 hours before slicing.",90,High,Dessert,480,https://media.istockphoto.com/id/1167344045/photo/cheesecake-slice-new-york-style-classical-cheese-cake.jpg?s=1024x1024&w=is&k=20&c=ii_k4Dd3oAwOeFptRBtZ9QTT1yve8NMUKDD37XZ9dg0=
266,Belgian Waffles,"Flour, milk, egg, butter, sugar, baking powder",Continental,veg,"Whisk flour, sugar, and baking powder in a bowl. Add milk, eggs, and melted butter. Mix until smooth batter forms. Let batter rest for 10 minutes for better texture. Preheat waffle iron and lightly grease it. Pour batter and cook until waffles are golden and crisp. Serve immediately with syrup, butter, or fruits.",25,Easy,Dessert,390,https://media.istockphoto.com/id/478567847/photo/waffles.jpg?s=1024x1024&w=is&k=20&c=ZigbMZELOWWjZ8QFkVcKJy_R6RtHuWGcXVlHBFv_v8Y=
267,Chocolate Brownies,"Dark chocolate, butter, sugar, flour, eggs",Continental,veg,"Melt chocolate and butter together using a double boiler or microwave. Whisk sugar into the warm mixture until glossy. Add eggs one at a time, mixing well after each addition. Fold in flour gently without overmixing. Pour batter into lined baking tray. Bake at 170C for 25 to 30 minutes until edges are set and center is fudgy.",40,Medium,Dessert,460,https://media.istockphoto.com/id/168731372/photo/fresh-homemade-chocolate-brownie.jpg?s=1024x1024&w=is&k=20&c=DpEGqN2jWGViFGe85e4scXDRQVIhjrjNqG1RqFdppL4=
268,Tiramisu Cups,"Mascarpone, coffee, biscuits, cocoa powder, sugar",Italian,veg,Brew strong coffee and let it cool completely. Whisk mascarpone with sugar until smooth and creamy. Dip biscuits briefly into coffee without soaking. Layer dipped biscuits and mascarpone cream in serving cups. Repeat layers and finish with cream. Dust with cocoa powder and chill for at least 2 hours before serving.,30,Medium,Dessert,430,Images/Italian Desserts.jpg
269,Chocolate Lava Cake,"Dark chocolate, butter, sugar, egg, flour",Continental,veg,Melt chocolate and butter together until smooth. Whisk sugar and eggs until slightly thickened. Combine chocolate mixture with eggs and mix gently. Fold in flour until just incorporated. Pour batter into greased ramekins. Bake at 200C for 10 to 12 minutes until edges are firm and center remains molten.,35,High,Dessert,470,https://media.istockphoto.com/id/1255982848/photo/homemade-chocoalte-molten-lava-cake.jpg?s=1024x1024&w=is&k=20&c=5KFwtJ4Lw1M2PjJZa5y-AbSGP_SX2SExE2LL3lU_cGM=
270,Red Velvet Cupcakes,"Flour, cocoa powder, butter, sugar, egg, cream cheese",Continental,veg,"Preheat oven to 180C and line cupcake tray. Mix flour and cocoa powder in a bowl. Cream butter and sugar until light, then add eggs. Add dry ingredients and red coloring, mixing gently. Bake cupcakes for 18 to 20 minutes and cool completely. Frost with cream cheese frosting and serve.",45,Medium,Dessert,410,Images/Cont Desserts.jpg
271,Fruit Yogurt Parfait,"Yogurt, honey, granola, mixed fruits",Continental,veg,Chop fruits into small bite-sized pieces. Sweeten yogurt with honey and mix well. Add a layer of yogurt to serving glass. Add granola followed by fruits. Repeat layers until glass is full. Serve chilled for best taste.,15,Easy,Dessert,280,https://media.istockphoto.com/id/639376412/photo/blueberry-raspberry-parfaits-in-mason-jars-still-life-against-wood.jpg?s=1024x1024&w=is&k=20&c=c9hfqjjBFhAHi9Tj7YhKusKSIDP0puM-77Ea8GCmV5s=
272,Chocolate Truffles,"Dark chocolate, cream, cocoa powder",Continental,veg,"Heat cream until just beginning to simmer. Pour hot cream over chopped chocolate. Let sit for 2 minutes, then stir until smooth ganache forms. Refrigerate mixture until firm enough to scoop. Roll into small balls using palms. Coat with cocoa powder and chill again before serving.",30,Medium,Dessert,350,Images/Cont Desserts.jpg
273,Banoffee Pie,"Banana, cream, caramel, biscuit base, butter",Continental,veg,Prepare biscuit base and press into pie dish. Chill until firm. Spread thick layer of caramel evenly over base. Slice bananas and arrange over caramel. Whip cream until soft peaks form. Spread cream on top evenly. Chill for 1 hour before slicing.,40,Medium,Dessert,440,Images/Cont Desserts.jpg
274,Pancake Stack with Syrup,"Flour, milk, egg, sugar, butter, maple syrup",Continental,veg,"Mix flour, sugar, milk, and eggs to form smooth batter. Heat pan and lightly grease with butter. Pour batter and cook until bubbles appear on surface. Flip and cook until golden brown. tack pancakes neatly. Drizzle maple syrup and serve warm.",20,Easy,Dessert,400,https://images.unsplash.com/photo-1612182062633-9ff3b3598e96?q=80&w=419&auto=format&fit=crop&ixlib=rb-4.1.0&ixid=M3wxMjA3fDB8MHxwaG90by1wYWdlfHx8fGVufDB8fHx8fA%3D%3D
275,No-Bake Oreo Cheesecake,"Cream cheese, Oreo biscuits, butter, sugar",Continental,veg,Crush Oreo biscuits and mix with melted butter. Press into pan. Chill. Beat cream cheese with sugar until smooth. Fold in crushed Oreos gently. Spread mixture over base evenly. Refrigerate for at least 4 hours until set. Slice and serve chilled.,35,Medium,Dessert,450,Images/Cont Desserts.jpg
276,Apple Crumble,"Apple, flour, butter, sugar, cinnamon",Continental,veg,"Peel and slice apples. Cook with sugar and cinnamon until soft. Transfer apples to baking dish. Mix flour, butter, and sugar to form crumbly topping. Spread crumble evenly over apples. Bake at 180C for 35 to 40 minutes until golden. Serve warm.",45,Medium,Dessert,380,Images/Cont Desserts.jpg
277,Chocolate Mousse,"Dark chocolate, cream, sugar",Continental,veg,Melt chocolate and allow to cool slightly. Whip cream with sugar until soft peaks form. Fold melted chocolate gently into whipped cream. Spoon into serving bowls. Chill for at least 2 hours. Serve cold.,25,Easy,Dessert,360,https://media.istockphoto.com/id/623897390/photo/chocolate-mousse.jpg?s=1024x1024&w=is&k=20&c=7XJOoK0lp6On1j7TabrFms34pQ3OnBZYpGxsq3cBuJw=
278,Nutella Stuffed Crepes,"Flour, milk, egg, Nutella, butter",Continental,veg,"Whisk flour, milk, and eggs to form thin batter. Heat pan and lightly grease with butter. Pour batter and spread thinly. Cook briefly on both sides. Spread Nutella on warm crepe. Fold or roll crepe neatly. Serve warm with powdered sugar.",30,Medium,Dessert,420,Images/Cont Desserts.jpg
279,French Toast with Berries,"Bread slices, milk, egg, sugar, butter, mixed berries",Continental,veg,"Whisk milk, eggs, and sugar until well combined. Dip bread slices into mixture, coating both sides evenly. Heat butter on a pan over medium heat. Cook soaked bread until golden brown on both sides. Warm berries lightly in the same pan. Serve toast topped with berries.",10,Easy,Dessert,360,Images/Cont Desserts.jpg
280,Molten Chocolate Cookies,"Flour, butter, brown sugar, egg, dark chocolate",Continental,veg,Cream butter and brown sugar until fluffy. Add egg and mix thoroughly. Fold in flour and chopped chocolate. Shape dough balls and chill for 15 minutes. Bake at 180C for 10 to 12 minutes until edges are set. Cool slightly before serving.,20,Medium,Dessert,410,https://media.istockphoto.com/id/1499766130/photo/chocolate-fondant-lava-cake.jpg?s=1024x1024&w=is&k=20&c=qwcrHw2tVzeQdx2MOdwYYTNdxzWNopqGQ9qk4p5dFa4=
281,Lemon Tart,"Flour, butter, sugar, lemon juice, eggs",Continental,veg,"Prepare shortcrust pastry and line tart tin. Blind bake crust at 180C for 15 minutes. Whisk lemon juice, sugar, and eggs until smooth. Pour filling into baked crust. Bake again until filling sets. Cool completely before slicing.",30,High,Dessert,390,Images/Cont Desserts.jpg
282,Caramel Custard,"Milk, sugar, eggs, vanilla",Continental,veg,Heat sugar until golden caramel forms. Pour caramel into mold and set aside. Heat milk gently with vanilla. Whisk eggs and pour warm milk slowly while stirring. Pour mixture into caramel mold. Steam or bake in water bath until set.,20,Medium,Dessert,300,Images/Cont Desserts.jpg
283,Cinnamon Rolls,"Flour, yeast, milk, sugar, butter, cinnamon",Continental,veg,"Prepare yeast dough and let rise until doubled. Roll dough into rectangle. Spread butter, sugar, and cinnamon evenly. Roll tightly and slice into rolls. Bake until golden and fluffy. Cool slightly before serving.",40,High,Dessert,430,Images/Cont Desserts.jpg
284,Chocolate Fudge,"Condensed milk, cocoa powder, butter, sugar",Continental,veg,"Heat butter and condensed milk over low heat. Add cocoa powder and sugar, stirring constantly. Cook until thick and glossy. Pour into greased tray. Level surface evenly. Cool and cut into squares.",10,Easy,Dessert,380,Images/Cont Desserts.jpg
285,Strawberry Shortcake,"Flour, butter, sugar, cream, strawberries",Continental,veg,"Bake soft sponge cake and allow to cool. Whip cream until soft peaks form. Slice strawberries and mix with sugar. Slice cake horizontally. Layer cake, cream, and strawberries. Chill briefly before serving.",30,Medium,Dessert,400,https://media.istockphoto.com/id/171107631/photo/strawberry-shortcake.jpg?s=1024x1024&w=is&k=20&c=vuep11sDJCLpuYs4u7cKVszt0jXeIopScJ59k50tNsI=
286,Vanilla Ice Cream,"Milk, cream, sugar, vanilla",Continental,veg,"Heat milk, cream, and sugar until dissolved. Cool mixture completely. Add vanilla extract and mix. Pour into ice cream maker or freeze with periodic stirring. Continue freezing until creamy. Serve chilled.",20,Medium,Dessert,320,Images/Cont Desserts.jpg
287,Peanut Butter Cookies,"Peanut butter, sugar, egg",Continental,veg,"Mix peanut butter, sugar, and egg thoroughly. Shape dough into small balls. Flatten using fork. Arrange on baking tray. Bake until lightly browned. Cool before serving.",10,Easy,Dessert,350,Images/Cont Desserts.jpg
288,Mango Panna Cotta,"Cream, sugar, gelatin, mango puree",Italian,veg,Heat cream and sugar until dissolved. Add soaked gelatin and mix until smooth. Pour mixture into molds. Chill until set. Top with mango puree. Serve cold.,20,Medium,Dessert,340,Images/Italian Desserts.jpg
289,Baked Rice Pudding,"Rice, milk, sugar, cardamom",Continental,veg,Wash rice thoroughly. Boil milk and add rice. Cook until rice softens. Add sugar and cardamom. Transfer to baking dish. Bake until top sets.,15,Medium,Dessert,310,Images/Cont Desserts.jpg
290,Hazelnut Chocolate Spread Toast,"Bread, hazelnut chocolate spread, butter",Continental,veg,Toast bread slices until crisp. Spread butter lightly while warm. Add hazelnut chocolate spread evenly. Allow spread to melt slightly. Cut diagonally if desired. Serve immediately.,5,Easy,Dessert,290,Images/Cont Desserts.jpg
291,Baked Donuts,"Flour, milk, sugar, yeast, butter",Continental,veg,Prepare yeast dough and let rise. Roll dough and cut donut shapes. Place on baking tray and rest briefly. Bake until lightly golden. Brush with melted butter. Coat with sugar.,35,Medium,Dessert,370,Images/Cont Desserts.jpg
292,Chocolate Banana Bread,"Banana, flour, cocoa powder, sugar, butter",Continental,veg,Mash ripe bananas until smooth. Mix with melted butter and sugar. Add flour and cocoa powder. Pour batter into loaf pan. Bake until toothpick comes out clean. Cool before slicing.,20,Medium,Dessert,420,https://media.istockphoto.com/id/1147312072/photo/banana-bread-loaf-on-wooden-table.jpg?s=1024x1024&w=is&k=20&c=ryiVDqcftZkRstmVZphB6k5Q6USGDgWGdg_zVB8ii4M=
